Date,FOMO,Uncertain,Hopeful,Bearish,Pessimistic/Doubtful,Sad,Fearful/Concerned,Angry,Mistrustful,Panicking,Annoyed/Frustrated,Bullish,Optimistic,Happy,Euphoric/Excited
2019-04-02,45.0,145.0,68.0,97.0,64.0,11.0,132.0,53.0,4.0,1.0,6.0,188.0,144.0,61.0,179.0
2019-04-03,49.0,175.0,60.0,89.0,75.0,17.0,155.0,59.0,14.0,4.0,4.0,166.0,193.0,55.0,181.0
2019-04-04,34.0,142.0,52.0,79.0,67.0,18.0,131.0,44.0,7.0,2.0,5.0,92.0,154.0,44.0,110.0
2019-04-05,25.0,113.0,43.0,41.0,55.0,10.0,124.0,34.0,15.0,2.0,2.0,70.0,157.0,38.0,114.0
2019-04-06,21.0,114.0,30.0,37.0,35.0,9.0,81.0,13.0,4.0,2.0,1.0,71.0,115.0,21.0,77.0
2019-04-07,7.0,108.0,35.0,28.0,46.0,10.0,99.0,24.0,5.0,2.0,4.0,49.0,120.0,17.0,92.0
2019-04-08,32.0,144.0,66.0,59.0,80.0,18.0,138.0,51.0,9.0,2.0,3.0,102.0,189.0,35.0,144.0
2019-04-09,26.0,132.0,41.0,45.0,42.0,11.0,114.0,33.0,5.0,2.0,6.0,70.0,134.0,37.0,136.0
2019-04-10,24.0,121.0,43.0,46.0,29.0,3.0,115.0,22.0,2.0,2.0,12.0,93.0,137.0,39.0,102.0
2019-04-11,19.0,113.0,39.0,65.0,45.0,13.0,91.0,26.0,4.0,3.0,6.0,65.0,118.0,27.0,85.0
2019-04-12,14.0,106.0,36.0,45.0,38.0,8.0,90.0,37.0,3.0,2.0,2.0,55.0,111.0,19.0,92.0
2019-04-13,10.0,82.0,33.0,23.0,25.0,8.0,74.0,33.0,5.0,1.0,3.0,37.0,105.0,19.0,68.0
2019-04-14,7.0,81.0,30.0,23.0,30.0,2.0,69.0,14.0,3.0,0.0,6.0,28.0,79.0,14.0,57.0
2019-04-15,14.0,78.0,30.0,35.0,34.0,5.0,93.0,21.0,2.0,0.0,7.0,57.0,119.0,24.0,91.0
2019-04-16,9.0,86.0,28.0,36.0,40.0,9.0,88.0,39.0,10.0,0.0,1.0,54.0,110.0,25.0,89.0
2019-04-17,8.0,107.0,37.0,35.0,57.0,3.0,75.0,26.0,5.0,0.0,4.0,39.0,100.0,29.0,98.0
2019-04-18,22.0,94.0,36.0,31.0,52.0,4.0,103.0,27.0,11.0,1.0,1.0,55.0,141.0,36.0,110.0
2019-04-19,17.0,99.0,33.0,23.0,54.0,10.0,88.0,21.0,11.0,2.0,2.0,62.0,119.0,29.0,89.0
2019-04-20,18.0,77.0,33.0,20.0,38.0,3.0,73.0,22.0,8.0,1.0,2.0,59.0,95.0,13.0,69.0
2019-04-21,12.0,88.0,42.0,29.0,34.0,9.0,78.0,21.0,10.0,2.0,2.0,47.0,114.0,20.0,83.0
2019-04-22,17.0,111.0,30.0,28.0,52.0,4.0,82.0,20.0,0.0,0.0,4.0,48.0,128.0,21.0,90.0
2019-04-23,31.0,144.0,52.0,58.0,65.0,7.0,151.0,48.0,8.0,2.0,6.0,120.0,160.0,37.0,149.0
2019-04-24,17.0,130.0,51.0,68.0,50.0,15.0,106.0,21.0,4.0,4.0,3.0,111.0,136.0,25.0,119.0
2019-04-25,23.0,133.0,52.0,56.0,69.0,5.0,130.0,48.0,4.0,2.0,10.0,74.0,168.0,35.0,140.0
2019-04-26,20.0,155.0,22.0,59.0,65.0,9.0,127.0,43.0,8.0,6.0,4.0,78.0,131.0,32.0,127.0
2019-04-27,11.0,110.0,49.0,32.0,42.0,6.0,71.0,21.0,1.0,2.0,3.0,39.0,80.0,19.0,94.0
2019-04-28,17.0,119.0,35.0,34.0,55.0,7.0,91.0,27.0,6.0,4.0,5.0,51.0,138.0,12.0,85.0
2019-04-29,11.0,73.0,28.0,37.0,49.0,6.0,94.0,24.0,7.0,1.0,3.0,45.0,98.0,21.0,66.0
2019-04-30,21.0,87.0,35.0,30.0,43.0,5.0,85.0,30.0,3.0,1.0,3.0,34.0,94.0,20.0,91.0
2019-05-01,23.0,100.0,43.0,38.0,49.0,5.0,83.0,30.0,6.0,3.0,3.0,43.0,115.0,17.0,89.0
2019-05-02,19.0,121.0,29.0,41.0,38.0,6.0,104.0,32.0,9.0,5.0,1.0,65.0,130.0,19.0,91.0
2019-05-03,27.0,154.0,46.0,43.0,71.0,7.0,124.0,31.0,10.0,1.0,4.0,101.0,131.0,33.0,126.0
2019-05-04,29.0,103.0,42.0,48.0,55.0,4.0,81.0,38.0,9.0,1.0,1.0,72.0,107.0,20.0,110.0
2019-05-05,21.0,126.0,29.0,44.0,41.0,7.0,93.0,37.0,15.0,3.0,3.0,69.0,148.0,17.0,85.0
2019-05-06,20.0,107.0,38.0,45.0,58.0,1.0,110.0,29.0,10.0,3.0,4.0,55.0,144.0,29.0,117.0
2019-05-07,30.0,152.0,48.0,64.0,52.0,5.0,111.0,36.0,11.0,1.0,4.0,97.0,120.0,39.0,114.0
2019-05-08,22.0,185.0,58.0,68.0,85.0,14.0,175.0,50.0,8.0,7.0,5.0,84.0,156.0,33.0,161.0
2019-05-09,38.0,166.0,69.0,89.0,65.0,5.0,143.0,49.0,13.0,3.0,4.0,113.0,171.0,38.0,173.0
2019-05-10,58.0,178.0,72.0,85.0,77.0,11.0,111.0,45.0,7.0,2.0,4.0,121.0,208.0,55.0,174.0
2019-05-11,76.0,193.0,85.0,100.0,80.0,13.0,128.0,60.0,11.0,5.0,3.0,188.0,175.0,54.0,211.0
2019-05-12,62.0,174.0,73.0,80.0,67.0,12.0,144.0,43.0,11.0,5.0,11.0,132.0,175.0,46.0,182.0
2019-05-13,81.0,257.0,93.0,101.0,84.0,19.0,222.0,58.0,6.0,5.0,12.0,192.0,269.0,64.0,211.0
2019-05-14,72.0,224.0,84.0,107.0,82.0,16.0,173.0,64.0,10.0,3.0,10.0,207.0,229.0,60.0,205.0
2019-05-15,53.0,193.0,69.0,71.0,64.0,17.0,213.0,43.0,15.0,5.0,3.0,151.0,192.0,48.0,153.0
2019-05-16,46.0,179.0,71.0,71.0,78.0,16.0,185.0,49.0,13.0,5.0,8.0,134.0,186.0,49.0,178.0
2019-05-17,37.0,154.0,50.0,75.0,54.0,14.0,148.0,51.0,9.0,4.0,4.0,112.0,146.0,34.0,134.0
2019-05-18,26.0,113.0,37.0,33.0,57.0,10.0,117.0,22.0,7.0,0.0,4.0,49.0,102.0,20.0,76.0
2019-05-19,29.0,138.0,58.0,45.0,64.0,10.0,134.0,19.0,10.0,7.0,7.0,81.0,160.0,32.0,115.0
2019-05-20,27.0,140.0,40.0,46.0,56.0,11.0,143.0,28.0,6.0,3.0,2.0,82.0,178.0,32.0,95.0
2019-05-21,20.0,149.0,56.0,31.0,61.0,11.0,177.0,48.0,7.0,3.0,4.0,79.0,181.0,41.0,158.0
2019-05-22,23.0,179.0,62.0,50.0,55.0,15.0,160.0,48.0,5.0,3.0,6.0,56.0,153.0,47.0,133.0
2019-05-23,29.0,153.0,52.0,40.0,57.0,16.0,148.0,40.0,11.0,3.0,4.0,54.0,155.0,37.0,209.0
2019-05-24,28.0,159.0,41.0,36.0,44.0,10.0,123.0,28.0,10.0,1.0,4.0,70.0,138.0,33.0,118.0
2019-05-25,17.0,130.0,41.0,26.0,62.0,6.0,155.0,27.0,10.0,2.0,3.0,49.0,115.0,28.0,89.0
2019-05-26,25.0,174.0,55.0,28.0,74.0,9.0,130.0,44.0,4.0,3.0,6.0,71.0,133.0,49.0,145.0
2019-05-27,47.0,154.0,66.0,56.0,68.0,16.0,126.0,36.0,8.0,0.0,3.0,117.0,217.0,44.0,141.0
2019-05-28,23.0,153.0,56.0,42.0,53.0,7.0,126.0,41.0,9.0,3.0,2.0,77.0,160.0,30.0,95.0
2019-05-29,34.0,153.0,66.0,51.0,64.0,12.0,157.0,44.0,17.0,6.0,8.0,71.0,179.0,35.0,127.0
2019-05-30,44.0,157.0,72.0,51.0,61.0,28.0,148.0,37.0,6.0,3.0,11.0,83.0,151.0,37.0,146.0
2019-05-31,32.0,148.0,54.0,77.0,55.0,8.0,155.0,41.0,13.0,4.0,6.0,87.0,174.0,36.0,117.0
2019-06-01,13.0,112.0,45.0,26.0,59.0,7.0,115.0,40.0,6.0,5.0,3.0,43.0,125.0,32.0,107.0
2019-06-02,22.0,132.0,34.0,33.0,63.0,6.0,121.0,25.0,5.0,2.0,6.0,64.0,168.0,32.0,109.0
2019-06-03,22.0,149.0,46.0,49.0,63.0,10.0,125.0,36.0,9.0,1.0,6.0,60.0,157.0,26.0,126.0
2019-06-04,21.0,146.0,61.0,62.0,66.0,9.0,143.0,43.0,14.0,6.0,4.0,83.0,141.0,41.0,142.0
2019-06-05,26.0,115.0,49.0,37.0,42.0,8.0,113.0,30.0,7.0,1.0,2.0,58.0,136.0,22.0,98.0
2019-06-06,28.0,175.0,51.0,43.0,73.0,7.0,134.0,56.0,9.0,2.0,6.0,60.0,166.0,38.0,114.0
2019-06-07,26.0,117.0,46.0,48.0,55.0,7.0,92.0,42.0,12.0,0.0,4.0,53.0,148.0,35.0,102.0
2019-06-08,9.0,92.0,21.0,21.0,34.0,6.0,66.0,17.0,5.0,3.0,1.0,45.0,99.0,20.0,71.0
2019-06-09,22.0,85.0,37.0,23.0,39.0,3.0,72.0,21.0,4.0,1.0,3.0,29.0,126.0,23.0,81.0
2019-06-10,27.0,93.0,45.0,31.0,53.0,6.0,85.0,19.0,2.0,1.0,3.0,53.0,128.0,31.0,82.0
2019-06-11,29.0,114.0,38.0,48.0,41.0,8.0,100.0,38.0,7.0,0.0,3.0,57.0,143.0,32.0,107.0
2019-06-12,32.0,136.0,39.0,32.0,53.0,12.0,108.0,25.0,13.0,1.0,1.0,73.0,142.0,26.0,120.0
2019-06-13,23.0,103.0,34.0,36.0,52.0,6.0,100.0,26.0,7.0,2.0,5.0,53.0,114.0,28.0,94.0
2019-06-14,26.0,143.0,65.0,48.0,59.0,14.0,108.0,47.0,8.0,1.0,7.0,71.0,147.0,23.0,118.0
2019-06-15,17.0,114.0,34.0,33.0,38.0,10.0,97.0,25.0,8.0,0.0,4.0,49.0,140.0,22.0,118.0
2019-06-16,31.0,115.0,45.0,37.0,52.0,11.0,95.0,37.0,6.0,1.0,1.0,95.0,178.0,41.0,188.0
2019-06-17,41.0,179.0,64.0,54.0,64.0,12.0,171.0,35.0,5.0,5.0,4.0,95.0,233.0,48.0,160.0
2019-06-18,44.0,174.0,68.0,44.0,86.0,10.0,148.0,52.0,13.0,8.0,8.0,93.0,244.0,43.0,173.0
2019-06-19,25.0,136.0,39.0,32.0,57.0,5.0,131.0,38.0,5.0,1.0,0.0,63.0,157.0,30.0,111.0
2019-06-20,31.0,124.0,41.0,52.0,56.0,7.0,96.0,37.0,4.0,3.0,2.0,98.0,148.0,28.0,144.0
2019-06-21,71.0,198.0,78.0,61.0,82.0,15.0,141.0,42.0,12.0,0.0,6.0,152.0,224.0,59.0,207.0
2019-06-22,111.0,260.0,96.0,121.0,70.0,20.0,172.0,73.0,8.0,5.0,5.0,208.0,268.0,110.0,243.0
2019-06-23,48.0,162.0,54.0,47.0,63.0,13.0,139.0,26.0,10.0,3.0,5.0,107.0,175.0,41.0,135.0
2019-06-24,50.0,191.0,76.0,60.0,78.0,12.0,145.0,43.0,17.0,3.0,12.0,112.0,227.0,41.0,161.0
2019-06-25,63.0,198.0,100.0,86.0,80.0,20.0,180.0,61.0,14.0,3.0,4.0,143.0,269.0,66.0,191.0
2019-06-26,227.0,432.0,170.0,232.0,142.0,40.0,296.0,144.0,20.0,11.0,13.0,344.0,410.0,131.0,416.0
2019-06-27,85.0,265.0,116.0,169.0,109.0,23.0,210.0,88.0,10.0,8.0,7.0,203.0,282.0,77.0,282.0
2019-06-28,50.0,219.0,77.0,62.0,90.0,19.0,172.0,62.0,12.0,8.0,9.0,116.0,245.0,47.0,171.0
2019-06-29,26.0,144.0,46.0,60.0,50.0,10.0,129.0,41.0,11.0,3.0,4.0,97.0,183.0,41.0,143.0
2019-06-30,32.0,144.0,51.0,51.0,47.0,9.0,110.0,32.0,8.0,2.0,6.0,80.0,162.0,30.0,104.0
2019-07-01,23.0,148.0,58.0,63.0,61.0,12.0,106.0,40.0,4.0,1.0,4.0,79.0,175.0,32.0,147.0
2019-07-02,34.0,166.0,69.0,54.0,71.0,10.0,119.0,37.0,6.0,1.0,5.0,87.0,195.0,35.0,149.0
2019-07-03,32.0,169.0,57.0,48.0,60.0,14.0,146.0,49.0,14.0,8.0,4.0,89.0,177.0,44.0,132.0
2019-07-04,34.0,149.0,55.0,38.0,62.0,11.0,143.0,31.0,6.0,1.0,7.0,65.0,175.0,33.0,113.0
2019-07-05,22.0,115.0,50.0,47.0,50.0,12.0,120.0,41.0,6.0,7.0,7.0,62.0,168.0,28.0,95.0
2019-07-06,17.0,104.0,49.0,25.0,52.0,6.0,104.0,29.0,2.0,2.0,2.0,51.0,148.0,46.0,90.0
2019-07-07,28.0,152.0,57.0,36.0,58.0,15.0,129.0,38.0,7.0,5.0,3.0,53.0,190.0,33.0,131.0
2019-07-08,37.0,155.0,51.0,49.0,72.0,14.0,162.0,31.0,7.0,6.0,2.0,73.0,187.0,42.0,127.0
2019-07-09,50.0,213.0,77.0,66.0,81.0,8.0,164.0,61.0,11.0,5.0,3.0,106.0,236.0,42.0,147.0
2019-07-10,70.0,233.0,69.0,118.0,106.0,13.0,188.0,64.0,8.0,10.0,6.0,130.0,258.0,59.0,190.0
2019-07-11,24.0,180.0,66.0,91.0,71.0,10.0,155.0,52.0,13.0,1.0,4.0,111.0,221.0,38.0,158.0
2019-07-12,33.0,207.0,62.0,46.0,63.0,12.0,179.0,64.0,14.0,5.0,8.0,129.0,248.0,42.0,192.0
2019-07-13,17.0,109.0,38.0,44.0,52.0,9.0,107.0,41.0,11.0,1.0,5.0,47.0,117.0,33.0,95.0
2019-07-14,30.0,140.0,59.0,80.0,60.0,12.0,141.0,40.0,7.0,2.0,3.0,83.0,183.0,36.0,118.0
2019-07-15,33.0,170.0,68.0,83.0,75.0,6.0,158.0,46.0,15.0,5.0,5.0,105.0,177.0,37.0,127.0
2019-07-16,19.0,203.0,70.0,95.0,71.0,16.0,195.0,66.0,14.0,5.0,7.0,99.0,214.0,54.0,142.0
2019-07-17,27.0,187.0,77.0,73.0,74.0,9.0,179.0,42.0,14.0,4.0,5.0,94.0,228.0,43.0,152.0
2019-07-18,40.0,165.0,62.0,68.0,76.0,11.0,125.0,57.0,7.0,2.0,6.0,81.0,164.0,52.0,112.0
2019-07-19,34.0,170.0,54.0,30.0,63.0,14.0,164.0,29.0,6.0,5.0,4.0,62.0,188.0,37.0,148.0
2019-07-20,15.0,147.0,36.0,31.0,62.0,14.0,146.0,43.0,5.0,0.0,6.0,41.0,152.0,33.0,117.0
2019-07-21,17.0,152.0,40.0,24.0,64.0,13.0,152.0,31.0,11.0,2.0,5.0,58.0,152.0,26.0,129.0
2019-07-22,29.0,166.0,43.0,56.0,89.0,11.0,164.0,49.0,10.0,3.0,6.0,67.0,176.0,39.0,109.0
2019-07-23,23.0,121.0,34.0,39.0,61.0,8.0,147.0,19.0,10.0,3.0,2.0,58.0,157.0,48.0,99.0
2019-07-24,18.0,132.0,53.0,45.0,52.0,13.0,155.0,43.0,7.0,5.0,7.0,59.0,161.0,45.0,132.0
2019-07-25,14.0,117.0,37.0,24.0,50.0,7.0,141.0,23.0,10.0,1.0,6.0,51.0,160.0,33.0,94.0
2019-07-26,15.0,146.0,40.0,45.0,51.0,13.0,132.0,42.0,4.0,1.0,1.0,57.0,142.0,20.0,92.0
2019-07-27,22.0,105.0,39.0,44.0,41.0,7.0,109.0,25.0,15.0,0.0,2.0,51.0,100.0,30.0,82.0
2019-07-28,15.0,103.0,24.0,38.0,42.0,2.0,112.0,25.0,3.0,1.0,1.0,39.0,102.0,25.0,82.0
2019-07-29,13.0,123.0,40.0,43.0,42.0,9.0,143.0,30.0,6.0,0.0,1.0,46.0,140.0,27.0,98.0
2019-07-30,23.0,148.0,45.0,36.0,48.0,8.0,152.0,36.0,8.0,2.0,2.0,56.0,128.0,38.0,78.0
2019-07-31,21.0,148.0,60.0,34.0,63.0,10.0,116.0,30.0,14.0,0.0,5.0,69.0,156.0,35.0,105.0
2019-08-01,14.0,131.0,54.0,43.0,66.0,10.0,155.0,35.0,2.0,2.0,2.0,60.0,154.0,33.0,95.0
2019-08-02,17.0,142.0,53.0,46.0,70.0,3.0,190.0,41.0,4.0,3.0,4.0,68.0,152.0,44.0,90.0
2019-08-03,20.0,112.0,35.0,35.0,38.0,7.0,148.0,34.0,8.0,3.0,1.0,53.0,142.0,28.0,81.0
2019-08-04,17.0,115.0,39.0,50.0,65.0,8.0,112.0,22.0,7.0,2.0,1.0,49.0,128.0,24.0,109.0
2019-08-05,37.0,145.0,53.0,56.0,68.0,10.0,148.0,48.0,8.0,3.0,10.0,108.0,189.0,57.0,155.0
2019-08-06,36.0,181.0,55.0,62.0,67.0,18.0,171.0,42.0,6.0,7.0,6.0,85.0,197.0,33.0,132.0
2019-08-07,30.0,155.0,61.0,54.0,79.0,14.0,210.0,31.0,12.0,1.0,6.0,69.0,221.0,41.0,137.0
2019-08-08,21.0,142.0,49.0,47.0,57.0,8.0,169.0,47.0,8.0,4.0,6.0,54.0,174.0,31.0,109.0
2019-08-09,36.0,170.0,44.0,77.0,68.0,11.0,166.0,39.0,11.0,2.0,6.0,113.0,188.0,44.0,140.0
2019-08-10,20.0,156.0,50.0,46.0,52.0,10.0,163.0,44.0,8.0,4.0,5.0,65.0,146.0,26.0,109.0
2019-08-11,11.0,129.0,43.0,21.0,69.0,4.0,153.0,37.0,10.0,1.0,6.0,63.0,139.0,39.0,110.0
2019-08-12,15.0,146.0,35.0,34.0,64.0,10.0,150.0,50.0,6.0,1.0,5.0,54.0,168.0,46.0,94.0
2019-08-13,22.0,154.0,48.0,43.0,68.0,10.0,177.0,30.0,6.0,3.0,6.0,67.0,166.0,30.0,110.0
2019-08-14,14.0,150.0,53.0,69.0,75.0,10.0,144.0,46.0,8.0,4.0,5.0,84.0,163.0,27.0,120.0
2019-08-15,29.0,144.0,38.0,88.0,69.0,10.0,175.0,31.0,10.0,4.0,11.0,82.0,197.0,27.0,131.0
2019-08-16,23.0,123.0,34.0,29.0,71.0,7.0,138.0,31.0,9.0,3.0,2.0,59.0,142.0,30.0,99.0
2019-08-17,20.0,101.0,28.0,26.0,36.0,10.0,133.0,33.0,8.0,1.0,4.0,39.0,109.0,26.0,86.0
2019-08-18,13.0,105.0,31.0,24.0,55.0,7.0,119.0,29.0,9.0,2.0,1.0,41.0,136.0,28.0,96.0
2019-08-19,15.0,119.0,39.0,18.0,50.0,4.0,145.0,29.0,9.0,0.0,2.0,41.0,126.0,17.0,77.0
2019-08-20,14.0,121.0,31.0,34.0,55.0,8.0,155.0,26.0,14.0,2.0,3.0,55.0,126.0,20.0,83.0
2019-08-21,13.0,138.0,40.0,36.0,60.0,10.0,157.0,39.0,7.0,3.0,12.0,37.0,128.0,22.0,103.0
2019-08-22,13.0,138.0,39.0,29.0,44.0,12.0,135.0,33.0,5.0,1.0,3.0,29.0,114.0,27.0,92.0
2019-08-23,9.0,109.0,39.0,25.0,56.0,5.0,109.0,31.0,8.0,0.0,5.0,34.0,135.0,36.0,99.0
2019-08-24,14.0,85.0,40.0,13.0,43.0,9.0,109.0,25.0,4.0,0.0,1.0,43.0,111.0,21.0,70.0
2019-08-25,14.0,78.0,29.0,32.0,37.0,5.0,96.0,25.0,11.0,2.0,5.0,47.0,99.0,13.0,78.0
2019-08-26,16.0,97.0,32.0,44.0,43.0,6.0,127.0,30.0,4.0,1.0,6.0,45.0,107.0,26.0,98.0
2019-08-27,18.0,111.0,32.0,36.0,54.0,8.0,137.0,27.0,6.0,3.0,2.0,61.0,129.0,21.0,83.0
2019-08-28,23.0,122.0,54.0,55.0,61.0,11.0,137.0,27.0,4.0,6.0,2.0,42.0,131.0,31.0,95.0
2019-08-29,10.0,101.0,26.0,51.0,28.0,6.0,101.0,27.0,4.0,5.0,4.0,48.0,118.0,23.0,84.0
2019-08-30,17.0,102.0,39.0,32.0,38.0,9.0,104.0,24.0,3.0,0.0,2.0,51.0,112.0,20.0,87.0
2019-08-31,8.0,74.0,27.0,18.0,34.0,3.0,89.0,16.0,5.0,2.0,1.0,31.0,89.0,8.0,53.0
2019-09-01,13.0,83.0,23.0,31.0,44.0,5.0,101.0,12.0,4.0,1.0,3.0,33.0,84.0,20.0,71.0
2019-09-02,15.0,107.0,23.0,38.0,38.0,7.0,139.0,24.0,3.0,2.0,4.0,43.0,116.0,24.0,72.0
2019-09-03,21.0,97.0,33.0,35.0,45.0,8.0,139.0,22.0,5.0,1.0,3.0,50.0,150.0,27.0,94.0
2019-09-04,15.0,105.0,41.0,36.0,43.0,8.0,148.0,32.0,4.0,3.0,6.0,35.0,143.0,22.0,87.0
2019-09-05,12.0,87.0,40.0,40.0,48.0,5.0,107.0,24.0,7.0,2.0,3.0,52.0,120.0,22.0,83.0
2019-09-06,18.0,121.0,33.0,33.0,54.0,7.0,107.0,22.0,6.0,1.0,5.0,62.0,114.0,29.0,93.0
2019-09-07,10.0,90.0,26.0,26.0,34.0,5.0,103.0,21.0,4.0,3.0,3.0,40.0,109.0,14.0,73.0
2019-09-08,12.0,93.0,14.0,13.0,32.0,5.0,109.0,22.0,4.0,1.0,5.0,39.0,91.0,18.0,52.0
2019-09-09,13.0,91.0,28.0,23.0,37.0,6.0,116.0,19.0,4.0,0.0,2.0,37.0,95.0,10.0,61.0
2019-09-10,15.0,103.0,26.0,17.0,53.0,5.0,104.0,33.0,7.0,0.0,7.0,39.0,107.0,26.0,69.0
2019-09-11,19.0,117.0,30.0,28.0,57.0,7.0,138.0,32.0,7.0,0.0,4.0,35.0,97.0,13.0,90.0
2019-09-12,9.0,88.0,28.0,25.0,37.0,6.0,115.0,31.0,4.0,0.0,0.0,43.0,95.0,20.0,78.0
2019-09-13,16.0,94.0,26.0,24.0,40.0,8.0,115.0,32.0,9.0,1.0,4.0,28.0,106.0,21.0,68.0
2019-09-14,8.0,45.0,22.0,24.0,27.0,2.0,76.0,15.0,3.0,0.0,0.0,26.0,61.0,11.0,44.0
2019-09-15,9.0,58.0,17.0,16.0,20.0,3.0,78.0,22.0,3.0,0.0,3.0,31.0,56.0,14.0,61.0
2019-09-16,13.0,75.0,34.0,16.0,31.0,3.0,89.0,14.0,6.0,1.0,0.0,42.0,71.0,19.0,61.0
2019-09-17,11.0,103.0,32.0,25.0,50.0,6.0,130.0,24.0,3.0,2.0,3.0,49.0,137.0,22.0,66.0
2019-09-18,18.0,98.0,32.0,25.0,44.0,9.0,133.0,29.0,6.0,1.0,1.0,35.0,102.0,19.0,87.0
2019-09-19,16.0,93.0,34.0,25.0,35.0,10.0,145.0,46.0,4.0,1.0,5.0,46.0,125.0,30.0,80.0
2019-09-20,20.0,89.0,27.0,17.0,43.0,6.0,111.0,27.0,3.0,0.0,1.0,34.0,112.0,19.0,66.0
2019-09-21,12.0,84.0,14.0,18.0,34.0,2.0,88.0,17.0,4.0,2.0,5.0,34.0,78.0,14.0,62.0
2019-09-22,17.0,74.0,22.0,16.0,39.0,6.0,97.0,12.0,6.0,1.0,3.0,24.0,76.0,16.0,65.0
2019-09-23,10.0,77.0,27.0,29.0,40.0,7.0,125.0,20.0,2.0,0.0,0.0,35.0,95.0,11.0,69.0
2019-09-24,16.0,124.0,50.0,75.0,48.0,3.0,164.0,37.0,10.0,3.0,6.0,60.0,113.0,28.0,124.0
2019-09-25,12.0,126.0,51.0,100.0,58.0,6.0,140.0,29.0,2.0,6.0,6.0,75.0,162.0,27.0,105.0
2019-09-26,18.0,113.0,45.0,55.0,61.0,12.0,149.0,33.0,2.0,3.0,2.0,47.0,136.0,30.0,101.0
2019-09-27,12.0,103.0,14.0,52.0,52.0,6.0,143.0,19.0,3.0,0.0,1.0,56.0,101.0,22.0,103.0
2019-09-28,10.0,91.0,38.0,37.0,31.0,7.0,128.0,17.0,5.0,4.0,2.0,34.0,94.0,24.0,62.0
2019-09-29,13.0,96.0,22.0,34.0,38.0,5.0,127.0,23.0,5.0,1.0,1.0,20.0,93.0,15.0,74.0
2019-09-30,13.0,97.0,18.0,28.0,37.0,2.0,143.0,20.0,5.0,1.0,2.0,45.0,89.0,17.0,95.0
2019-10-01,15.0,78.0,26.0,33.0,29.0,6.0,140.0,23.0,5.0,3.0,1.0,31.0,122.0,21.0,68.0
2019-10-02,15.0,94.0,30.0,31.0,43.0,5.0,160.0,21.0,2.0,3.0,8.0,22.0,117.0,20.0,73.0
2019-10-03,13.0,98.0,23.0,26.0,37.0,6.0,127.0,20.0,5.0,0.0,3.0,32.0,106.0,14.0,61.0
2019-10-04,15.0,96.0,34.0,30.0,47.0,12.0,129.0,17.0,7.0,2.0,3.0,27.0,84.0,14.0,57.0
2019-10-05,8.0,50.0,15.0,24.0,27.0,7.0,100.0,16.0,1.0,1.0,0.0,12.0,63.0,10.0,45.0
2019-10-06,15.0,63.0,32.0,22.0,22.0,2.0,105.0,20.0,7.0,2.0,1.0,28.0,79.0,11.0,55.0
2019-10-07,16.0,86.0,33.0,32.0,49.0,11.0,147.0,26.0,10.0,2.0,3.0,45.0,89.0,21.0,87.0
2019-10-08,17.0,63.0,22.0,19.0,27.0,2.0,135.0,16.0,5.0,3.0,2.0,26.0,67.0,15.0,58.0
2019-10-09,7.0,71.0,20.0,28.0,36.0,4.0,128.0,24.0,6.0,0.0,1.0,31.0,84.0,15.0,52.0
2019-10-10,9.0,75.0,32.0,23.0,27.0,2.0,146.0,15.0,5.0,2.0,1.0,25.0,83.0,16.0,72.0
2019-10-11,20.0,63.0,22.0,19.0,29.0,6.0,82.0,24.0,8.0,1.0,3.0,18.0,81.0,22.0,68.0
2019-10-12,10.0,66.0,17.0,24.0,22.0,7.0,68.0,4.0,6.0,0.0,1.0,18.0,51.0,12.0,34.0
2019-10-13,10.0,55.0,20.0,17.0,23.0,1.0,69.0,11.0,6.0,1.0,1.0,20.0,90.0,10.0,47.0
2019-10-14,4.0,54.0,14.0,11.0,28.0,5.0,69.0,13.0,5.0,0.0,1.0,26.0,71.0,16.0,45.0
2019-10-15,7.0,82.0,27.0,14.0,33.0,3.0,88.0,16.0,2.0,3.0,2.0,25.0,73.0,16.0,53.0
2019-10-16,8.0,105.0,25.0,44.0,44.0,6.0,117.0,17.0,3.0,2.0,3.0,28.0,86.0,23.0,74.0
2019-10-17,11.0,83.0,17.0,19.0,59.0,6.0,83.0,21.0,4.0,0.0,2.0,36.0,103.0,25.0,68.0
2019-10-18,13.0,84.0,30.0,36.0,37.0,6.0,100.0,23.0,6.0,4.0,5.0,33.0,102.0,20.0,70.0
2019-10-19,7.0,44.0,26.0,20.0,25.0,2.0,62.0,18.0,6.0,0.0,0.0,22.0,69.0,15.0,53.0
2019-10-20,22.0,54.0,28.0,14.0,23.0,2.0,73.0,11.0,6.0,2.0,0.0,25.0,72.0,16.0,58.0
2019-10-21,18.0,79.0,25.0,21.0,35.0,7.0,105.0,29.0,6.0,2.0,6.0,28.0,95.0,18.0,85.0
2019-10-22,14.0,79.0,27.0,26.0,39.0,6.0,100.0,11.0,3.0,10.0,3.0,39.0,100.0,12.0,79.0
2019-10-23,20.0,142.0,38.0,58.0,54.0,4.0,138.0,43.0,5.0,2.0,2.0,51.0,157.0,13.0,103.0
2019-10-24,17.0,142.0,38.0,69.0,72.0,8.0,148.0,20.0,11.0,2.0,0.0,64.0,151.0,22.0,89.0
2019-10-25,22.0,128.0,37.0,41.0,61.0,5.0,144.0,32.0,8.0,2.0,5.0,60.0,137.0,32.0,104.0
2019-10-26,16.0,105.0,42.0,49.0,41.0,11.0,114.0,47.0,2.0,6.0,7.0,69.0,89.0,28.0,106.0
2019-10-27,14.0,69.0,20.0,18.0,38.0,6.0,80.0,25.0,1.0,1.0,1.0,44.0,72.0,15.0,63.0
2019-10-28,14.0,96.0,36.0,17.0,35.0,6.0,123.0,18.0,5.0,2.0,3.0,37.0,99.0,27.0,79.0
2019-10-29,18.0,109.0,38.0,29.0,41.0,7.0,108.0,20.0,6.0,2.0,10.0,25.0,99.0,19.0,97.0
2019-10-30,18.0,104.0,23.0,25.0,37.0,6.0,104.0,40.0,17.0,1.0,1.0,33.0,92.0,19.0,116.0
2019-10-31,8.0,97.0,31.0,15.0,36.0,8.0,130.0,24.0,2.0,1.0,1.0,32.0,95.0,29.0,68.0
2019-11-01,9.0,75.0,27.0,20.0,28.0,7.0,85.0,11.0,7.0,1.0,3.0,12.0,83.0,17.0,51.0
2019-11-02,11.0,75.0,35.0,13.0,34.0,8.0,88.0,16.0,9.0,2.0,1.0,23.0,78.0,21.0,74.0
2019-11-03,11.0,59.0,14.0,15.0,21.0,4.0,103.0,12.0,5.0,0.0,1.0,21.0,78.0,15.0,51.0
2019-11-04,18.0,85.0,21.0,26.0,48.0,6.0,135.0,26.0,4.0,0.0,3.0,37.0,110.0,29.0,87.0
2019-11-05,16.0,86.0,27.0,19.0,45.0,5.0,118.0,23.0,6.0,2.0,2.0,33.0,76.0,14.0,95.0
2019-11-06,13.0,82.0,26.0,14.0,40.0,5.0,103.0,16.0,4.0,2.0,4.0,40.0,75.0,16.0,82.0
2019-11-07,21.0,87.0,31.0,22.0,39.0,9.0,87.0,18.0,2.0,1.0,4.0,30.0,88.0,23.0,79.0
2019-11-08,11.0,91.0,21.0,29.0,41.0,3.0,104.0,18.0,5.0,1.0,4.0,43.0,92.0,26.0,92.0
2019-11-09,14.0,67.0,21.0,24.0,16.0,2.0,87.0,13.0,2.0,2.0,2.0,23.0,56.0,15.0,54.0
2019-11-10,14.0,43.0,25.0,20.0,28.0,3.0,71.0,13.0,3.0,0.0,2.0,22.0,50.0,8.0,57.0
2019-11-11,12.0,97.0,28.0,31.0,34.0,4.0,126.0,15.0,4.0,3.0,0.0,45.0,93.0,13.0,84.0
2019-11-12,16.0,95.0,25.0,19.0,34.0,6.0,133.0,26.0,5.0,0.0,5.0,45.0,96.0,10.0,61.0
2019-11-13,8.0,80.0,27.0,19.0,34.0,1.0,91.0,17.0,2.0,1.0,1.0,27.0,86.0,19.0,81.0
2019-11-14,15.0,83.0,26.0,33.0,34.0,2.0,88.0,18.0,8.0,0.0,3.0,41.0,101.0,15.0,69.0
2019-11-15,16.0,86.0,34.0,33.0,35.0,3.0,103.0,17.0,6.0,2.0,2.0,52.0,98.0,25.0,82.0
2019-11-16,12.0,62.0,21.0,21.0,31.0,3.0,71.0,13.0,3.0,3.0,4.0,31.0,70.0,13.0,68.0
2019-11-17,17.0,50.0,14.0,15.0,25.0,3.0,84.0,8.0,7.0,1.0,1.0,31.0,66.0,17.0,51.0
2019-11-18,13.0,80.0,26.0,33.0,31.0,2.0,107.0,14.0,6.0,0.0,0.0,39.0,85.0,19.0,87.0
2019-11-19,11.0,87.0,33.0,33.0,35.0,5.0,145.0,28.0,6.0,3.0,2.0,38.0,109.0,26.0,82.0
2019-11-20,10.0,57.0,24.0,19.0,35.0,6.0,85.0,14.0,5.0,0.0,1.0,36.0,91.0,20.0,72.0
2019-11-21,12.0,107.0,32.0,51.0,42.0,4.0,133.0,26.0,3.0,2.0,2.0,41.0,107.0,15.0,89.0
2019-11-22,14.0,106.0,35.0,72.0,48.0,10.0,99.0,35.0,5.0,5.0,2.0,58.0,113.0,25.0,126.0
2019-11-23,10.0,68.0,22.0,34.0,28.0,2.0,96.0,16.0,2.0,1.0,7.0,28.0,84.0,8.0,68.0
2019-11-24,11.0,69.0,21.0,34.0,45.0,5.0,70.0,15.0,6.0,1.0,3.0,39.0,87.0,7.0,51.0
2019-11-25,17.0,79.0,33.0,54.0,43.0,12.0,110.0,30.0,4.0,5.0,3.0,57.0,95.0,25.0,123.0
2019-11-26,16.0,105.0,28.0,25.0,37.0,4.0,115.0,22.0,4.0,3.0,4.0,38.0,91.0,22.0,69.0
2019-11-27,13.0,58.0,29.0,23.0,30.0,5.0,113.0,19.0,6.0,1.0,0.0,39.0,74.0,18.0,76.0
2019-11-28,15.0,62.0,10.0,22.0,31.0,4.0,88.0,12.0,1.0,0.0,0.0,26.0,85.0,14.0,92.0
2019-11-29,11.0,64.0,21.0,13.0,11.0,3.0,99.0,11.0,3.0,1.0,1.0,24.0,65.0,9.0,67.0
2019-11-30,8.0,58.0,23.0,15.0,28.0,8.0,89.0,28.0,6.0,1.0,5.0,21.0,76.0,16.0,70.0
2019-12-01,11.0,70.0,24.0,16.0,29.0,5.0,110.0,15.0,6.0,4.0,4.0,24.0,87.0,18.0,76.0
2019-12-02,14.0,93.0,37.0,48.0,60.0,8.0,164.0,30.0,4.0,4.0,0.0,46.0,160.0,24.0,94.0
2019-12-03,1.0,84.0,30.0,14.0,29.0,5.0,118.0,13.0,6.0,0.0,2.0,27.0,92.0,10.0,94.0
2019-12-04,17.0,101.0,28.0,30.0,33.0,7.0,110.0,26.0,9.0,1.0,2.0,32.0,131.0,22.0,82.0
2019-12-05,14.0,74.0,27.0,17.0,30.0,4.0,112.0,25.0,2.0,1.0,2.0,27.0,83.0,22.0,71.0
2019-12-06,16.0,99.0,33.0,29.0,47.0,4.0,110.0,19.0,8.0,0.0,3.0,40.0,94.0,26.0,75.0
2019-12-07,11.0,66.0,11.0,16.0,36.0,3.0,82.0,11.0,4.0,0.0,0.0,17.0,79.0,15.0,67.0
2019-12-08,6.0,70.0,21.0,16.0,23.0,2.0,84.0,13.0,5.0,2.0,1.0,17.0,60.0,8.0,52.0
2019-12-09,6.0,61.0,24.0,12.0,36.0,1.0,92.0,7.0,3.0,1.0,0.0,13.0,69.0,12.0,52.0
2019-12-10,10.0,75.0,23.0,20.0,31.0,2.0,69.0,33.0,0.0,1.0,2.0,31.0,72.0,14.0,69.0
2019-12-11,19.0,94.0,32.0,22.0,31.0,12.0,82.0,22.0,6.0,2.0,2.0,32.0,112.0,25.0,77.0
2019-12-12,20.0,84.0,20.0,20.0,24.0,10.0,89.0,19.0,5.0,1.0,3.0,21.0,74.0,13.0,61.0
2019-12-13,17.0,75.0,27.0,28.0,41.0,4.0,92.0,23.0,4.0,1.0,2.0,23.0,87.0,11.0,67.0
2019-12-14,9.0,56.0,24.0,15.0,36.0,2.0,54.0,20.0,5.0,1.0,0.0,29.0,68.0,8.0,47.0
2019-12-15,11.0,66.0,17.0,24.0,40.0,2.0,77.0,24.0,3.0,0.0,3.0,26.0,85.0,16.0,69.0
2019-12-16,10.0,111.0,42.0,36.0,45.0,6.0,114.0,20.0,10.0,1.0,3.0,33.0,132.0,18.0,78.0
2019-12-17,19.0,129.0,46.0,83.0,44.0,10.0,123.0,41.0,4.0,3.0,4.0,43.0,130.0,20.0,109.0
2019-12-18,14.0,107.0,44.0,40.0,42.0,4.0,103.0,15.0,5.0,0.0,3.0,48.0,112.0,26.0,71.0
2019-12-19,11.0,83.0,25.0,37.0,34.0,9.0,102.0,13.0,9.0,0.0,4.0,24.0,66.0,19.0,77.0
2019-12-20,10.0,63.0,24.0,26.0,32.0,6.0,77.0,20.0,3.0,1.0,2.0,19.0,83.0,19.0,44.0
2019-12-21,6.0,56.0,17.0,22.0,23.0,5.0,54.0,14.0,2.0,0.0,1.0,17.0,53.0,9.0,52.0
2019-12-22,9.0,51.0,27.0,9.0,23.0,5.0,74.0,21.0,3.0,0.0,1.0,16.0,58.0,17.0,65.0
2019-12-23,7.0,59.0,25.0,26.0,25.0,3.0,96.0,16.0,4.0,3.0,3.0,31.0,59.0,19.0,47.0
2019-12-24,8.0,68.0,27.0,11.0,21.0,5.0,86.0,12.0,4.0,0.0,2.0,13.0,76.0,12.0,68.0
2019-12-25,7.0,61.0,16.0,15.0,26.0,5.0,50.0,20.0,2.0,1.0,0.0,13.0,60.0,15.0,44.0
2019-12-26,19.0,71.0,21.0,11.0,23.0,4.0,78.0,23.0,5.0,0.0,3.0,24.0,89.0,16.0,58.0
2019-12-27,11.0,46.0,26.0,15.0,17.0,3.0,51.0,8.0,2.0,1.0,1.0,15.0,50.0,16.0,53.0
2019-12-28,5.0,39.0,21.0,17.0,18.0,1.0,55.0,9.0,3.0,1.0,0.0,21.0,58.0,9.0,46.0
2019-12-29,7.0,53.0,24.0,7.0,23.0,6.0,51.0,15.0,6.0,1.0,1.0,18.0,60.0,16.0,60.0
2019-12-30,11.0,85.0,20.0,17.0,28.0,3.0,111.0,13.0,3.0,1.0,1.0,32.0,101.0,21.0,56.0
2019-12-31,13.0,92.0,21.0,23.0,35.0,7.0,69.0,16.0,1.0,1.0,2.0,45.0,85.0,26.0,64.0
2020-01-01,8.0,69.0,21.0,18.0,19.0,3.0,68.0,17.0,10.0,1.0,2.0,22.0,67.0,21.0,47.0
2020-01-02,14.0,82.0,32.0,34.0,38.0,8.0,121.0,26.0,7.0,1.0,1.0,34.0,88.0,22.0,61.0
2020-01-03,13.0,70.0,34.0,20.0,42.0,8.0,96.0,25.0,9.0,0.0,5.0,37.0,81.0,31.0,70.0
2020-01-04,7.0,75.0,30.0,9.0,23.0,7.0,83.0,16.0,3.0,0.0,2.0,42.0,92.0,20.0,57.0
2020-01-05,12.0,63.0,32.0,15.0,26.0,8.0,77.0,15.0,9.0,3.0,1.0,24.0,67.0,16.0,63.0
2020-01-06,9.0,70.0,20.0,26.0,25.0,3.0,79.0,13.0,6.0,0.0,1.0,36.0,94.0,18.0,62.0
2020-01-07,14.0,92.0,25.0,32.0,31.0,9.0,85.0,38.0,5.0,0.0,2.0,69.0,101.0,25.0,106.0
2020-01-08,12.0,93.0,39.0,37.0,36.0,5.0,87.0,19.0,6.0,0.0,1.0,63.0,93.0,29.0,83.0
2020-01-09,12.0,60.0,37.0,24.0,32.0,6.0,79.0,12.0,3.0,0.0,1.0,46.0,90.0,24.0,69.0
2020-01-10,11.0,77.0,27.0,15.0,41.0,7.0,68.0,18.0,2.0,0.0,3.0,26.0,83.0,4.0,64.0
2020-01-11,13.0,92.0,22.0,15.0,29.0,4.0,55.0,13.0,3.0,0.0,0.0,33.0,101.0,20.0,60.0
2020-01-12,6.0,62.0,17.0,17.0,23.0,7.0,84.0,8.0,5.0,1.0,0.0,24.0,54.0,14.0,44.0
2020-01-13,10.0,63.0,28.0,21.0,23.0,2.0,66.0,12.0,8.0,1.0,1.0,36.0,74.0,15.0,35.0
2020-01-14,30.0,97.0,44.0,31.0,35.0,5.0,123.0,20.0,7.0,2.0,2.0,50.0,100.0,28.0,88.0
2020-01-15,14.0,73.0,36.0,14.0,27.0,4.0,113.0,15.0,9.0,1.0,0.0,43.0,99.0,13.0,75.0
2020-01-16,9.0,75.0,17.0,14.0,26.0,8.0,96.0,17.0,6.0,1.0,0.0,32.0,84.0,28.0,79.0
2020-01-17,12.0,63.0,29.0,24.0,30.0,4.0,90.0,19.0,5.0,1.0,0.0,43.0,77.0,12.0,72.0
2020-01-18,12.0,63.0,21.0,18.0,19.0,5.0,72.0,16.0,2.0,0.0,2.0,27.0,59.0,18.0,43.0
2020-01-19,25.0,87.0,34.0,35.0,40.0,2.0,109.0,23.0,2.0,2.0,1.0,50.0,90.0,16.0,105.0
2020-01-20,13.0,79.0,19.0,34.0,39.0,5.0,134.0,21.0,3.0,2.0,3.0,27.0,58.0,8.0,64.0
2020-01-21,13.0,71.0,30.0,14.0,35.0,4.0,94.0,19.0,2.0,4.0,1.0,38.0,75.0,19.0,72.0
2020-01-22,13.0,92.0,23.0,14.0,26.0,4.0,111.0,13.0,4.0,0.0,1.0,32.0,86.0,15.0,57.0
2020-01-23,16.0,111.0,34.0,21.0,58.0,9.0,114.0,34.0,2.0,4.0,2.0,35.0,129.0,14.0,89.0
2020-01-24,10.0,77.0,24.0,32.0,28.0,6.0,98.0,17.0,6.0,1.0,3.0,28.0,75.0,13.0,48.0
2020-01-25,10.0,74.0,21.0,23.0,33.0,5.0,90.0,17.0,6.0,1.0,1.0,19.0,92.0,12.0,50.0
2020-01-26,8.0,75.0,23.0,21.0,37.0,3.0,70.0,14.0,6.0,1.0,1.0,20.0,84.0,19.0,63.0
2020-01-27,13.0,70.0,24.0,23.0,29.0,4.0,104.0,15.0,8.0,2.0,1.0,34.0,80.0,14.0,70.0
2020-01-28,10.0,82.0,31.0,19.0,30.0,5.0,76.0,13.0,3.0,0.0,2.0,38.0,73.0,18.0,80.0
2020-01-29,23.0,98.0,34.0,26.0,34.0,8.0,98.0,26.0,4.0,2.0,2.0,56.0,98.0,24.0,73.0
2020-01-30,10.0,83.0,39.0,23.0,37.0,8.0,114.0,28.0,6.0,2.0,1.0,51.0,83.0,26.0,77.0
2020-01-31,17.0,101.0,29.0,30.0,42.0,6.0,83.0,23.0,5.0,2.0,1.0,26.0,73.0,26.0,83.0
2020-02-01,11.0,87.0,22.0,12.0,37.0,5.0,55.0,34.0,6.0,0.0,3.0,32.0,83.0,17.0,57.0
2020-02-02,12.0,75.0,19.0,22.0,38.0,4.0,79.0,25.0,4.0,1.0,2.0,38.0,68.0,18.0,86.0
2020-02-03,22.0,92.0,28.0,26.0,39.0,5.0,98.0,17.0,5.0,2.0,2.0,48.0,80.0,16.0,54.0
2020-02-04,11.0,60.0,27.0,20.0,20.0,0.0,74.0,17.0,4.0,1.0,1.0,30.0,68.0,21.0,66.0
2020-02-05,9.0,73.0,29.0,18.0,20.0,5.0,74.0,19.0,4.0,1.0,1.0,37.0,71.0,22.0,68.0
2020-02-06,14.0,88.0,28.0,26.0,41.0,7.0,100.0,22.0,3.0,1.0,2.0,65.0,131.0,16.0,92.0
2020-02-07,21.0,83.0,29.0,21.0,33.0,7.0,81.0,21.0,8.0,2.0,2.0,58.0,103.0,23.0,87.0
2020-02-08,20.0,67.0,23.0,24.0,30.0,7.0,62.0,12.0,5.0,0.0,3.0,37.0,87.0,20.0,66.0
2020-02-09,20.0,93.0,33.0,28.0,40.0,6.0,90.0,22.0,3.0,2.0,1.0,75.0,101.0,25.0,114.0
2020-02-10,18.0,92.0,38.0,31.0,33.0,3.0,112.0,15.0,6.0,1.0,1.0,59.0,99.0,28.0,84.0
2020-02-11,18.0,105.0,24.0,24.0,23.0,4.0,79.0,25.0,5.0,1.0,3.0,62.0,100.0,18.0,82.0
2020-02-12,17.0,90.0,33.0,26.0,38.0,6.0,134.0,19.0,5.0,1.0,3.0,75.0,134.0,28.0,89.0
2020-02-13,22.0,101.0,40.0,31.0,32.0,15.0,95.0,25.0,1.0,4.0,5.0,69.0,108.0,24.0,74.0
2020-02-14,17.0,117.0,46.0,20.0,52.0,7.0,82.0,24.0,7.0,0.0,2.0,49.0,106.0,21.0,84.0
2020-02-15,24.0,80.0,18.0,23.0,32.0,5.0,64.0,14.0,8.0,1.0,4.0,46.0,84.0,31.0,64.0
2020-02-16,20.0,129.0,32.0,41.0,52.0,5.0,133.0,37.0,3.0,4.0,3.0,52.0,142.0,21.0,75.0
2020-02-17,22.0,131.0,47.0,42.0,50.0,1.0,142.0,38.0,14.0,2.0,5.0,61.0,153.0,38.0,120.0
2020-02-18,45.0,111.0,37.0,27.0,41.0,7.0,138.0,26.0,6.0,2.0,4.0,63.0,122.0,35.0,89.0
2020-02-19,15.0,107.0,20.0,30.0,37.0,8.0,128.0,24.0,7.0,3.0,0.0,55.0,91.0,25.0,85.0
2020-02-20,8.0,87.0,26.0,33.0,36.0,4.0,122.0,24.0,9.0,3.0,0.0,31.0,70.0,15.0,85.0
2020-02-21,14.0,83.0,14.0,18.0,40.0,12.0,109.0,24.0,9.0,3.0,2.0,36.0,82.0,16.0,104.0
2020-02-22,10.0,75.0,33.0,20.0,32.0,6.0,70.0,26.0,5.0,3.0,0.0,28.0,98.0,13.0,59.0
2020-02-23,8.0,65.0,14.0,18.0,23.0,2.0,49.0,22.0,3.0,1.0,2.0,32.0,64.0,11.0,50.0
2020-02-24,17.0,89.0,34.0,37.0,44.0,6.0,83.0,12.0,4.0,6.0,5.0,40.0,110.0,15.0,78.0
2020-02-25,14.0,82.0,28.0,40.0,36.0,4.0,68.0,21.0,8.0,2.0,1.0,52.0,98.0,19.0,73.0
2020-02-26,18.0,107.0,30.0,63.0,41.0,5.0,115.0,32.0,3.0,2.0,2.0,56.0,96.0,26.0,93.0
2020-02-27,20.0,105.0,29.0,56.0,27.0,6.0,85.0,20.0,6.0,7.0,5.0,44.0,98.0,19.0,101.0
2020-02-28,14.0,98.0,34.0,60.0,36.0,5.0,103.0,23.0,4.0,2.0,1.0,47.0,114.0,14.0,90.0
2020-02-29,11.0,67.0,16.0,19.0,28.0,2.0,76.0,12.0,6.0,2.0,2.0,25.0,86.0,19.0,55.0
2020-03-01,12.0,76.0,29.0,30.0,43.0,5.0,81.0,27.0,6.0,5.0,2.0,34.0,80.0,17.0,54.0
2020-03-02,15.0,86.0,29.0,24.0,44.0,4.0,102.0,15.0,7.0,4.0,0.0,35.0,102.0,22.0,57.0
2020-03-03,19.0,90.0,35.0,23.0,40.0,7.0,106.0,17.0,9.0,1.0,0.0,43.0,99.0,17.0,83.0
2020-03-04,11.0,63.0,17.0,24.0,32.0,6.0,82.0,11.0,5.0,1.0,0.0,24.0,87.0,7.0,81.0
2020-03-05,11.0,67.0,14.0,24.0,25.0,2.0,96.0,13.0,3.0,1.0,0.0,39.0,60.0,21.0,75.0
2020-03-06,5.0,70.0,18.0,30.0,28.0,4.0,75.0,16.0,3.0,1.0,3.0,33.0,82.0,12.0,61.0
2020-03-07,2.0,57.0,21.0,20.0,27.0,1.0,53.0,14.0,2.0,1.0,2.0,36.0,72.0,22.0,70.0
2020-03-08,13.0,84.0,25.0,58.0,34.0,5.0,106.0,33.0,3.0,0.0,0.0,40.0,103.0,22.0,72.0
2020-03-09,10.0,124.0,41.0,89.0,48.0,10.0,104.0,29.0,11.0,19.0,4.0,61.0,126.0,16.0,100.0
2020-03-10,11.0,75.0,33.0,49.0,40.0,4.0,66.0,23.0,1.0,3.0,1.0,40.0,90.0,15.0,91.0
2020-03-11,16.0,112.0,30.0,44.0,35.0,7.0,75.0,30.0,3.0,7.0,0.0,56.0,79.0,23.0,74.0
2020-03-12,22.0,189.0,76.0,168.0,85.0,16.0,147.0,64.0,4.0,34.0,6.0,96.0,218.0,44.0,244.0
2020-03-13,47.0,220.0,80.0,140.0,78.0,17.0,177.0,78.0,7.0,32.0,9.0,123.0,244.0,44.0,274.0
2020-03-14,20.0,96.0,29.0,63.0,60.0,8.0,112.0,29.0,4.0,8.0,2.0,52.0,167.0,26.0,133.0
2020-03-15,10.0,105.0,34.0,58.0,37.0,8.0,94.0,24.0,5.0,13.0,5.0,47.0,110.0,18.0,83.0
2020-03-16,14.0,125.0,33.0,102.0,64.0,6.0,107.0,31.0,6.0,13.0,6.0,64.0,162.0,23.0,121.0
2020-03-17,12.0,84.0,34.0,56.0,36.0,9.0,92.0,27.0,5.0,5.0,5.0,54.0,109.0,20.0,83.0
2020-03-18,12.0,113.0,41.0,55.0,30.0,6.0,96.0,21.0,3.0,5.0,2.0,54.0,121.0,12.0,97.0
2020-03-19,21.0,118.0,48.0,52.0,48.0,4.0,107.0,24.0,7.0,7.0,1.0,56.0,117.0,28.0,119.0
2020-03-20,23.0,96.0,35.0,52.0,29.0,5.0,94.0,24.0,5.0,8.0,1.0,54.0,106.0,25.0,104.0
2020-03-21,4.0,74.0,20.0,31.0,24.0,6.0,58.0,12.0,2.0,3.0,4.0,30.0,75.0,14.0,61.0
2020-03-22,8.0,75.0,34.0,43.0,34.0,5.0,72.0,16.0,6.0,4.0,1.0,29.0,100.0,10.0,72.0
2020-03-23,11.0,64.0,25.0,43.0,34.0,12.0,72.0,19.0,6.0,4.0,3.0,40.0,103.0,10.0,77.0
2020-03-24,10.0,90.0,37.0,28.0,29.0,6.0,75.0,17.0,6.0,2.0,0.0,55.0,90.0,7.0,88.0
2020-03-25,8.0,71.0,21.0,29.0,21.0,1.0,81.0,24.0,4.0,0.0,4.0,35.0,77.0,12.0,99.0
2020-03-26,6.0,59.0,21.0,29.0,34.0,1.0,79.0,18.0,4.0,0.0,1.0,35.0,90.0,7.0,70.0
2020-03-27,11.0,80.0,26.0,40.0,28.0,3.0,79.0,21.0,6.0,1.0,2.0,60.0,78.0,16.0,68.0
2020-03-28,13.0,83.0,24.0,41.0,27.0,5.0,88.0,15.0,4.0,5.0,2.0,57.0,93.0,17.0,89.0
2020-03-29,8.0,107.0,23.0,39.0,38.0,7.0,77.0,12.0,4.0,1.0,3.0,32.0,83.0,15.0,70.0
2020-03-30,9.0,89.0,22.0,26.0,38.0,1.0,90.0,18.0,7.0,1.0,1.0,39.0,74.0,18.0,76.0
2020-03-31,6.0,64.0,32.0,20.0,31.0,3.0,75.0,9.0,9.0,3.0,2.0,29.0,69.0,11.0,63.0
2020-04-01,9.0,62.0,18.0,32.0,20.0,12.0,61.0,14.0,2.0,0.0,1.0,32.0,69.0,16.0,75.0
2020-04-02,8.0,71.0,23.0,29.0,26.0,4.0,64.0,11.0,1.0,2.0,3.0,60.0,67.0,23.0,90.0
2020-04-03,11.0,69.0,31.0,28.0,19.0,6.0,65.0,17.0,5.0,2.0,3.0,53.0,76.0,15.0,69.0
2020-04-04,9.0,74.0,21.0,23.0,26.0,2.0,64.0,18.0,3.0,3.0,4.0,30.0,60.0,9.0,58.0
2020-04-05,10.0,69.0,19.0,18.0,25.0,4.0,70.0,12.0,5.0,0.0,1.0,23.0,54.0,11.0,52.0
2020-04-06,15.0,78.0,21.0,39.0,25.0,2.0,75.0,11.0,1.0,1.0,3.0,52.0,76.0,14.0,83.0
2020-04-07,19.0,80.0,31.0,37.0,32.0,1.0,84.0,25.0,6.0,3.0,1.0,52.0,89.0,23.0,82.0
2020-04-08,6.0,70.0,30.0,34.0,30.0,2.0,89.0,25.0,4.0,1.0,3.0,42.0,69.0,15.0,86.0
2020-04-09,19.0,108.0,23.0,33.0,42.0,6.0,104.0,19.0,8.0,4.0,4.0,54.0,86.0,19.0,112.0
2020-04-10,17.0,112.0,33.0,34.0,38.0,7.0,118.0,32.0,6.0,0.0,3.0,42.0,141.0,23.0,93.0
2020-04-11,9.0,79.0,20.0,21.0,30.0,7.0,74.0,20.0,7.0,1.0,3.0,27.0,82.0,16.0,62.0
2020-04-12,5.0,65.0,24.0,19.0,28.0,3.0,74.0,13.0,3.0,2.0,0.0,39.0,71.0,14.0,75.0
2020-04-13,17.0,107.0,38.0,40.0,37.0,6.0,90.0,18.0,4.0,2.0,2.0,40.0,111.0,31.0,100.0
2020-04-14,20.0,97.0,39.0,37.0,30.0,6.0,126.0,34.0,7.0,4.0,5.0,43.0,101.0,28.0,109.0
2020-04-15,8.0,93.0,35.0,24.0,50.0,6.0,88.0,19.0,5.0,0.0,4.0,30.0,100.0,19.0,71.0
2020-04-16,18.0,114.0,39.0,34.0,43.0,6.0,93.0,25.0,4.0,1.0,3.0,46.0,117.0,20.0,89.0
2020-04-17,15.0,77.0,30.0,30.0,29.0,12.0,93.0,20.0,7.0,1.0,4.0,32.0,98.0,19.0,84.0
2020-04-18,13.0,76.0,23.0,20.0,28.0,5.0,89.0,16.0,3.0,1.0,2.0,32.0,93.0,20.0,69.0
2020-04-19,16.0,93.0,18.0,27.0,36.0,8.0,108.0,21.0,3.0,2.0,0.0,42.0,117.0,15.0,88.0
2020-04-20,12.0,79.0,30.0,27.0,26.0,4.0,68.0,19.0,3.0,0.0,2.0,40.0,67.0,18.0,82.0
2020-04-21,7.0,71.0,18.0,31.0,38.0,1.0,84.0,12.0,5.0,2.0,0.0,33.0,66.0,11.0,81.0
2020-04-22,16.0,95.0,40.0,35.0,25.0,5.0,119.0,20.0,7.0,1.0,3.0,50.0,108.0,22.0,91.0
2020-04-23,18.0,96.0,28.0,44.0,43.0,13.0,90.0,32.0,2.0,0.0,0.0,49.0,101.0,17.0,93.0
2020-04-24,16.0,99.0,32.0,27.0,38.0,10.0,86.0,19.0,5.0,0.0,3.0,29.0,93.0,11.0,76.0
2020-04-25,10.0,79.0,30.0,32.0,33.0,3.0,79.0,13.0,5.0,4.0,2.0,40.0,85.0,21.0,60.0
2020-04-26,9.0,82.0,34.0,22.0,57.0,6.0,111.0,23.0,8.0,4.0,2.0,51.0,109.0,23.0,95.0
2020-04-27,18.0,88.0,28.0,21.0,34.0,5.0,99.0,24.0,2.0,4.0,1.0,57.0,89.0,23.0,47.0
2020-04-28,19.0,123.0,39.0,40.0,40.0,10.0,138.0,33.0,2.0,0.0,4.0,52.0,118.0,40.0,116.0
2020-04-29,38.0,134.0,47.0,51.0,53.0,8.0,118.0,36.0,4.0,5.0,5.0,136.0,133.0,42.0,167.0
2020-04-30,35.0,133.0,52.0,41.0,44.0,6.0,125.0,38.0,6.0,6.0,11.0,73.0,120.0,35.0,163.0
2020-05-01,11.0,103.0,30.0,49.0,44.0,12.0,102.0,20.0,7.0,2.0,5.0,62.0,131.0,16.0,105.0
2020-05-02,17.0,94.0,37.0,24.0,32.0,5.0,72.0,20.0,4.0,1.0,1.0,40.0,88.0,13.0,90.0
2020-05-03,16.0,111.0,37.0,41.0,44.0,10.0,107.0,31.0,7.0,3.0,3.0,71.0,126.0,29.0,116.0
2020-05-04,19.0,101.0,46.0,37.0,49.0,8.0,124.0,23.0,8.0,2.0,2.0,47.0,116.0,29.0,128.0
2020-05-05,13.0,88.0,35.0,33.0,47.0,6.0,117.0,18.0,8.0,2.0,4.0,39.0,107.0,34.0,115.0
2020-05-06,21.0,117.0,38.0,73.0,40.0,6.0,109.0,39.0,5.0,4.0,4.0,49.0,133.0,27.0,111.0
2020-05-07,36.0,157.0,77.0,65.0,62.0,15.0,149.0,39.0,8.0,3.0,11.0,103.0,254.0,48.0,196.0
2020-05-08,49.0,168.0,69.0,47.0,51.0,12.0,142.0,39.0,8.0,5.0,4.0,101.0,202.0,49.0,190.0
2020-05-09,27.0,103.0,45.0,37.0,50.0,13.0,138.0,26.0,5.0,4.0,2.0,60.0,129.0,33.0,132.0
2020-05-10,38.0,144.0,55.0,100.0,65.0,14.0,165.0,58.0,13.0,10.0,2.0,90.0,145.0,52.0,201.0
2020-05-11,32.0,143.0,66.0,52.0,62.0,11.0,199.0,33.0,7.0,2.0,3.0,80.0,221.0,70.0,176.0
2020-05-12,17.0,165.0,66.0,49.0,65.0,6.0,166.0,32.0,13.0,4.0,4.0,55.0,187.0,38.0,171.0
2020-05-13,24.0,133.0,43.0,46.0,63.0,13.0,103.0,38.0,7.0,3.0,9.0,56.0,136.0,32.0,129.0
2020-05-14,34.0,122.0,57.0,49.0,49.0,15.0,148.0,38.0,6.0,5.0,5.0,82.0,153.0,41.0,164.0
2020-05-15,26.0,143.0,52.0,43.0,67.0,17.0,111.0,27.0,8.0,1.0,9.0,77.0,162.0,48.0,148.0
2020-05-16,21.0,133.0,45.0,33.0,66.0,15.0,122.0,45.0,4.0,2.0,3.0,48.0,163.0,31.0,174.0
2020-05-17,13.0,129.0,43.0,29.0,51.0,5.0,124.0,22.0,4.0,2.0,6.0,52.0,122.0,24.0,111.0
2020-05-18,30.0,133.0,46.0,42.0,52.0,18.0,162.0,32.0,6.0,3.0,2.0,76.0,142.0,42.0,131.0
2020-05-19,25.0,113.0,45.0,32.0,66.0,8.0,118.0,30.0,7.0,2.0,5.0,58.0,138.0,28.0,104.0
2020-05-20,15.0,125.0,52.0,47.0,39.0,8.0,158.0,30.0,6.0,6.0,3.0,52.0,114.0,36.0,137.0
2020-05-21,24.0,143.0,55.0,48.0,62.0,2.0,145.0,36.0,10.0,6.0,2.0,52.0,163.0,43.0,127.0
2020-05-22,16.0,104.0,45.0,33.0,48.0,11.0,132.0,15.0,14.0,1.0,7.0,42.0,116.0,58.0,99.0
2020-05-23,5.0,80.0,25.0,17.0,39.0,10.0,91.0,18.0,4.0,1.0,2.0,40.0,86.0,18.0,87.0
2020-05-24,22.0,119.0,40.0,18.0,35.0,6.0,101.0,29.0,5.0,2.0,5.0,52.0,149.0,35.0,98.0
2020-05-25,18.0,124.0,40.0,41.0,70.0,2.0,134.0,27.0,6.0,1.0,1.0,53.0,140.0,35.0,146.0
2020-05-26,13.0,105.0,39.0,23.0,43.0,6.0,124.0,29.0,7.0,1.0,1.0,42.0,124.0,24.0,113.0
2020-05-27,15.0,99.0,34.0,23.0,35.0,13.0,107.0,33.0,5.0,3.0,5.0,49.0,116.0,30.0,108.0
2020-05-28,21.0,115.0,32.0,36.0,49.0,6.0,112.0,19.0,2.0,2.0,2.0,45.0,120.0,27.0,104.0
2020-05-29,12.0,87.0,23.0,24.0,28.0,5.0,72.0,14.0,4.0,5.0,2.0,46.0,90.0,21.0,97.0
2020-05-30,12.0,80.0,32.0,19.0,26.0,6.0,78.0,27.0,3.0,4.0,0.0,40.0,87.0,11.0,83.0
2020-05-31,9.0,83.0,24.0,29.0,35.0,7.0,76.0,19.0,7.0,0.0,2.0,43.0,87.0,19.0,89.0
2020-06-01,6.0,93.0,22.0,21.0,29.0,3.0,106.0,23.0,4.0,2.0,4.0,41.0,74.0,24.0,96.0
2020-06-02,27.0,102.0,37.0,49.0,35.0,9.0,98.0,28.0,2.0,3.0,2.0,72.0,98.0,26.0,135.0
2020-06-03,16.0,116.0,50.0,23.0,51.0,13.0,101.0,23.0,4.0,1.0,2.0,47.0,116.0,25.0,121.0
2020-06-04,12.0,78.0,32.0,23.0,29.0,5.0,82.0,21.0,5.0,1.0,2.0,44.0,73.0,19.0,92.0
2020-06-05,10.0,67.0,28.0,13.0,30.0,5.0,85.0,14.0,4.0,0.0,1.0,39.0,81.0,19.0,81.0
2020-06-06,27.0,66.0,30.0,29.0,34.0,3.0,108.0,13.0,6.0,2.0,7.0,50.0,73.0,10.0,68.0
2020-06-07,12.0,98.0,39.0,22.0,46.0,7.0,89.0,16.0,4.0,3.0,0.0,37.0,123.0,14.0,83.0
2020-06-08,11.0,94.0,34.0,21.0,36.0,6.0,135.0,23.0,6.0,1.0,2.0,45.0,96.0,22.0,92.0
2020-06-09,13.0,85.0,46.0,16.0,23.0,5.0,114.0,15.0,5.0,1.0,2.0,45.0,85.0,22.0,117.0
2020-06-10,9.0,84.0,32.0,22.0,44.0,3.0,96.0,21.0,8.0,2.0,4.0,58.0,118.0,26.0,104.0
2020-06-11,14.0,97.0,47.0,36.0,41.0,2.0,106.0,24.0,6.0,1.0,5.0,67.0,113.0,26.0,95.0
2020-06-12,14.0,78.0,33.0,31.0,19.0,4.0,68.0,20.0,5.0,1.0,2.0,36.0,65.0,20.0,106.0
2020-06-13,12.0,62.0,37.0,19.0,31.0,4.0,86.0,17.0,6.0,1.0,2.0,25.0,75.0,14.0,66.0
2020-06-14,9.0,67.0,20.0,16.0,32.0,2.0,73.0,11.0,4.0,3.0,1.0,23.0,74.0,17.0,69.0
2020-06-15,9.0,97.0,32.0,56.0,28.0,5.0,125.0,22.0,10.0,4.0,3.0,44.0,122.0,23.0,85.0
2020-06-16,10.0,85.0,36.0,18.0,24.0,5.0,84.0,17.0,10.0,2.0,1.0,35.0,86.0,16.0,92.0
2020-06-17,15.0,48.0,29.0,8.0,27.0,6.0,73.0,17.0,7.0,1.0,3.0,24.0,69.0,22.0,67.0
2020-06-18,12.0,75.0,31.0,17.0,26.0,4.0,103.0,16.0,4.0,1.0,1.0,33.0,84.0,20.0,58.0
2020-06-19,7.0,85.0,31.0,19.0,21.0,8.0,80.0,15.0,5.0,0.0,3.0,18.0,81.0,20.0,82.0
2020-06-20,11.0,98.0,35.0,23.0,32.0,10.0,86.0,17.0,5.0,1.0,4.0,36.0,92.0,19.0,63.0
2020-06-21,6.0,71.0,22.0,9.0,32.0,8.0,71.0,18.0,2.0,1.0,4.0,19.0,81.0,11.0,59.0
2020-06-22,13.0,90.0,30.0,24.0,22.0,5.0,86.0,19.0,5.0,0.0,0.0,32.0,78.0,18.0,75.0
2020-06-23,13.0,70.0,38.0,18.0,18.0,3.0,75.0,18.0,2.0,2.0,1.0,49.0,107.0,14.0,92.0
2020-06-24,11.0,93.0,40.0,20.0,44.0,5.0,108.0,22.0,9.0,0.0,2.0,26.0,94.0,15.0,81.0
2020-06-25,13.0,59.0,27.0,22.0,31.0,4.0,69.0,15.0,5.0,0.0,3.0,36.0,86.0,18.0,78.0
2020-06-26,15.0,95.0,29.0,29.0,20.0,5.0,98.0,16.0,11.0,2.0,1.0,38.0,84.0,19.0,72.0
2020-06-27,8.0,59.0,14.0,35.0,19.0,3.0,55.0,14.0,0.0,2.0,3.0,30.0,72.0,8.0,54.0
2020-06-28,10.0,66.0,35.0,26.0,37.0,4.0,71.0,17.0,5.0,4.0,1.0,36.0,80.0,24.0,67.0
2020-06-29,1.0,83.0,23.0,28.0,22.0,4.0,79.0,17.0,7.0,0.0,2.0,27.0,65.0,11.0,73.0
2020-06-30,11.0,84.0,39.0,15.0,38.0,8.0,86.0,17.0,7.0,0.0,3.0,28.0,81.0,20.0,102.0
2020-07-01,8.0,74.0,40.0,10.0,34.0,9.0,80.0,26.0,4.0,1.0,5.0,30.0,86.0,20.0,78.0
2020-07-02,12.0,89.0,29.0,15.0,25.0,3.0,91.0,13.0,2.0,3.0,0.0,29.0,84.0,13.0,62.0
2020-07-03,6.0,72.0,24.0,11.0,33.0,4.0,95.0,15.0,4.0,0.0,1.0,26.0,73.0,17.0,47.0
2020-07-04,11.0,58.0,30.0,14.0,25.0,2.0,60.0,11.0,8.0,1.0,0.0,40.0,70.0,13.0,64.0
2020-07-05,17.0,62.0,23.0,18.0,34.0,4.0,90.0,16.0,4.0,0.0,0.0,30.0,98.0,20.0,68.0
2020-07-06,7.0,55.0,18.0,22.0,24.0,10.0,74.0,12.0,9.0,3.0,1.0,24.0,77.0,17.0,65.0
2020-07-07,14.0,76.0,37.0,13.0,28.0,3.0,121.0,13.0,5.0,0.0,3.0,34.0,91.0,18.0,61.0
2020-07-08,16.0,59.0,24.0,19.0,24.0,1.0,75.0,16.0,3.0,0.0,2.0,59.0,68.0,24.0,71.0
2020-07-09,11.0,81.0,24.0,17.0,33.0,3.0,84.0,23.0,7.0,4.0,1.0,47.0,77.0,17.0,76.0
2020-07-10,13.0,69.0,27.0,14.0,22.0,2.0,76.0,11.0,2.0,0.0,2.0,23.0,56.0,8.0,64.0
2020-07-11,5.0,50.0,22.0,13.0,19.0,7.0,59.0,10.0,5.0,1.0,0.0,26.0,63.0,10.0,48.0
2020-07-12,12.0,63.0,24.0,12.0,30.0,1.0,66.0,9.0,8.0,1.0,0.0,29.0,79.0,15.0,71.0
2020-07-13,11.0,65.0,30.0,24.0,32.0,3.0,63.0,19.0,7.0,0.0,3.0,45.0,106.0,23.0,70.0
2020-07-14,14.0,63.0,24.0,18.0,19.0,3.0,112.0,11.0,3.0,0.0,3.0,27.0,73.0,12.0,60.0
2020-07-15,7.0,69.0,18.0,17.0,25.0,6.0,129.0,10.0,3.0,0.0,1.0,24.0,64.0,12.0,122.0
2020-07-16,8.0,73.0,19.0,25.0,35.0,4.0,140.0,23.0,9.0,2.0,1.0,37.0,67.0,16.0,82.0
2020-07-17,6.0,73.0,41.0,18.0,18.0,3.0,109.0,17.0,7.0,0.0,1.0,27.0,66.0,18.0,88.0
2020-07-18,12.0,61.0,24.0,12.0,24.0,1.0,86.0,12.0,4.0,0.0,1.0,32.0,65.0,8.0,58.0
2020-07-19,10.0,66.0,25.0,15.0,29.0,6.0,64.0,15.0,5.0,0.0,8.0,28.0,69.0,12.0,64.0
2020-07-20,11.0,65.0,22.0,16.0,31.0,3.0,96.0,14.0,5.0,0.0,1.0,30.0,85.0,20.0,67.0
2020-07-21,10.0,59.0,33.0,15.0,19.0,4.0,75.0,20.0,3.0,3.0,2.0,68.0,64.0,11.0,65.0
2020-07-22,17.0,84.0,34.0,13.0,45.0,4.0,76.0,16.0,4.0,0.0,1.0,36.0,96.0,17.0,85.0
2020-07-23,8.0,69.0,37.0,16.0,32.0,5.0,112.0,22.0,2.0,0.0,2.0,33.0,84.0,19.0,80.0
2020-07-24,20.0,85.0,32.0,11.0,21.0,1.0,103.0,16.0,3.0,3.0,3.0,34.0,78.0,12.0,57.0
2020-07-25,17.0,69.0,26.0,21.0,28.0,6.0,95.0,20.0,6.0,1.0,0.0,43.0,85.0,27.0,90.0
2020-07-26,13.0,70.0,36.0,29.0,35.0,4.0,72.0,17.0,2.0,1.0,1.0,56.0,76.0,17.0,93.0
2020-07-27,28.0,102.0,64.0,46.0,45.0,12.0,163.0,31.0,11.0,0.0,1.0,114.0,126.0,41.0,179.0
2020-07-28,33.0,108.0,45.0,42.0,42.0,11.0,99.0,19.0,5.0,4.0,1.0,85.0,121.0,36.0,117.0
2020-07-29,14.0,93.0,40.0,21.0,44.0,1.0,98.0,17.0,7.0,2.0,2.0,42.0,104.0,29.0,105.0
2020-07-30,13.0,74.0,24.0,14.0,30.0,2.0,78.0,17.0,3.0,1.0,0.0,38.0,79.0,18.0,67.0
2020-07-31,17.0,77.0,32.0,24.0,28.0,5.0,73.0,16.0,3.0,0.0,2.0,43.0,78.0,19.0,91.0
2020-08-01,39.0,95.0,33.0,27.0,38.0,6.0,96.0,28.0,7.0,3.0,4.0,80.0,104.0,32.0,115.0
2020-08-02,33.0,118.0,43.0,43.0,42.0,7.0,105.0,36.0,14.0,2.0,2.0,95.0,132.0,30.0,148.0
2020-08-03,19.0,93.0,34.0,35.0,44.0,8.0,80.0,21.0,4.0,0.0,1.0,56.0,118.0,28.0,89.0
2020-08-04,18.0,118.0,39.0,21.0,50.0,6.0,114.0,26.0,10.0,3.0,3.0,51.0,140.0,33.0,110.0
2020-08-05,25.0,94.0,49.0,18.0,49.0,4.0,95.0,26.0,6.0,3.0,5.0,37.0,108.0,16.0,103.0
2020-08-06,13.0,123.0,38.0,27.0,45.0,5.0,126.0,24.0,8.0,1.0,6.0,53.0,109.0,32.0,102.0
2020-08-07,12.0,93.0,32.0,28.0,37.0,9.0,106.0,15.0,13.0,3.0,2.0,45.0,89.0,19.0,84.0
2020-08-08,17.0,75.0,34.0,20.0,26.0,7.0,104.0,17.0,2.0,0.0,2.0,43.0,100.0,23.0,76.0
2020-08-09,23.0,89.0,21.0,21.0,32.0,7.0,87.0,18.0,7.0,1.0,1.0,30.0,89.0,19.0,77.0
2020-08-10,23.0,110.0,47.0,17.0,38.0,2.0,97.0,22.0,8.0,0.0,3.0,57.0,110.0,32.0,105.0
2020-08-11,13.0,105.0,35.0,38.0,48.0,7.0,120.0,19.0,7.0,1.0,10.0,46.0,111.0,25.0,104.0
2020-08-12,17.0,73.0,34.0,27.0,39.0,9.0,91.0,18.0,6.0,2.0,0.0,41.0,107.0,22.0,59.0
2020-08-13,20.0,106.0,31.0,27.0,48.0,7.0,115.0,32.0,6.0,1.0,2.0,64.0,104.0,28.0,122.0
2020-08-14,32.0,116.0,42.0,27.0,42.0,5.0,114.0,26.0,5.0,3.0,8.0,53.0,125.0,27.0,117.0
2020-08-15,17.0,112.0,43.0,17.0,48.0,4.0,105.0,9.0,9.0,2.0,0.0,61.0,141.0,26.0,90.0
2020-08-16,14.0,100.0,27.0,13.0,35.0,4.0,102.0,22.0,7.0,2.0,7.0,44.0,114.0,26.0,77.0
2020-08-17,33.0,113.0,32.0,22.0,29.0,8.0,144.0,27.0,6.0,2.0,2.0,64.0,132.0,32.0,119.0
2020-08-18,29.0,94.0,44.0,30.0,35.0,6.0,141.0,20.0,7.0,2.0,4.0,54.0,89.0,33.0,101.0
2020-08-19,19.0,82.0,32.0,34.0,24.0,3.0,138.0,11.0,4.0,1.0,2.0,38.0,93.0,29.0,89.0
2020-08-20,16.0,74.0,31.0,17.0,29.0,1.0,98.0,12.0,2.0,1.0,1.0,42.0,87.0,25.0,84.0
2020-08-21,20.0,75.0,25.0,19.0,25.0,4.0,93.0,11.0,3.0,1.0,2.0,31.0,86.0,16.0,52.0
2020-08-22,10.0,85.0,25.0,30.0,43.0,2.0,100.0,14.0,2.0,1.0,2.0,43.0,71.0,17.0,77.0
2020-08-23,10.0,94.0,30.0,11.0,36.0,10.0,94.0,13.0,6.0,0.0,2.0,34.0,83.0,20.0,74.0
2020-08-24,22.0,72.0,38.0,20.0,48.0,7.0,119.0,31.0,9.0,4.0,2.0,43.0,80.0,26.0,69.0
2020-08-25,17.0,75.0,22.0,22.0,34.0,5.0,81.0,13.0,6.0,3.0,0.0,37.0,109.0,15.0,70.0
2020-08-26,16.0,78.0,30.0,21.0,38.0,2.0,93.0,19.0,6.0,1.0,4.0,34.0,99.0,20.0,59.0
2020-08-27,11.0,84.0,28.0,22.0,42.0,7.0,100.0,12.0,8.0,0.0,3.0,40.0,95.0,12.0,69.0
2020-08-28,11.0,71.0,19.0,14.0,30.0,2.0,90.0,12.0,4.0,0.0,1.0,48.0,71.0,10.0,66.0
2020-08-29,10.0,52.0,19.0,11.0,27.0,3.0,70.0,13.0,4.0,1.0,0.0,29.0,72.0,13.0,48.0
2020-08-30,14.0,68.0,26.0,13.0,24.0,3.0,72.0,18.0,2.0,2.0,1.0,47.0,76.0,19.0,64.0
2020-08-31,17.0,82.0,22.0,19.0,47.0,7.0,87.0,28.0,5.0,1.0,0.0,40.0,80.0,21.0,85.0
2020-09-01,25.0,89.0,31.0,12.0,36.0,7.0,80.0,10.0,3.0,2.0,1.0,34.0,84.0,22.0,73.0
2020-09-02,16.0,65.0,17.0,31.0,39.0,5.0,120.0,14.0,8.0,2.0,1.0,31.0,85.0,16.0,49.0
2020-09-03,28.0,107.0,56.0,48.0,42.0,7.0,139.0,23.0,4.0,6.0,2.0,53.0,119.0,28.0,98.0
2020-09-04,23.0,125.0,34.0,46.0,43.0,8.0,264.0,25.0,2.0,5.0,5.0,57.0,92.0,22.0,91.0
2020-09-05,15.0,102.0,31.0,50.0,34.0,7.0,108.0,20.0,5.0,1.0,3.0,54.0,89.0,20.0,89.0
2020-09-06,16.0,74.0,23.0,26.0,27.0,5.0,102.0,15.0,6.0,2.0,1.0,30.0,72.0,14.0,75.0
2020-09-07,16.0,79.0,25.0,30.0,34.0,5.0,94.0,15.0,4.0,1.0,2.0,31.0,89.0,10.0,87.0
2020-09-08,13.0,77.0,31.0,36.0,33.0,10.0,92.0,22.0,3.0,0.0,2.0,50.0,78.0,20.0,68.0
2020-09-09,12.0,76.0,27.0,25.0,32.0,6.0,79.0,13.0,10.0,1.0,3.0,33.0,76.0,16.0,58.0
2020-09-10,14.0,86.0,32.0,20.0,37.0,4.0,87.0,18.0,5.0,1.0,1.0,23.0,84.0,12.0,48.0
2020-09-11,5.0,54.0,18.0,9.0,22.0,4.0,52.0,9.0,6.0,2.0,2.0,16.0,85.0,18.0,48.0
2020-09-12,8.0,42.0,20.0,13.0,24.0,6.0,53.0,12.0,0.0,0.0,0.0,24.0,78.0,14.0,44.0
2020-09-13,10.0,57.0,22.0,10.0,21.0,6.0,93.0,11.0,4.0,2.0,1.0,31.0,62.0,10.0,63.0
2020-09-14,11.0,73.0,33.0,16.0,42.0,5.0,76.0,16.0,4.0,2.0,2.0,26.0,75.0,20.0,60.0
2020-09-15,5.0,55.0,26.0,20.0,24.0,4.0,85.0,11.0,8.0,0.0,2.0,27.0,71.0,8.0,61.0
2020-09-16,20.0,101.0,32.0,21.0,37.0,3.0,84.0,13.0,5.0,4.0,4.0,38.0,98.0,21.0,71.0
2020-09-17,11.0,66.0,16.0,9.0,29.0,6.0,74.0,14.0,4.0,1.0,0.0,24.0,67.0,14.0,57.0
2020-09-18,12.0,81.0,23.0,16.0,30.0,4.0,76.0,18.0,6.0,0.0,1.0,30.0,77.0,15.0,56.0
2020-09-19,7.0,52.0,18.0,18.0,24.0,9.0,59.0,8.0,4.0,4.0,3.0,30.0,61.0,14.0,71.0
2020-09-20,11.0,59.0,18.0,11.0,14.0,3.0,70.0,13.0,1.0,0.0,0.0,25.0,71.0,12.0,56.0
2020-09-21,10.0,58.0,17.0,26.0,27.0,1.0,74.0,10.0,1.0,1.0,1.0,30.0,82.0,11.0,53.0
2020-09-22,15.0,61.0,22.0,28.0,30.0,5.0,73.0,11.0,4.0,2.0,2.0,35.0,73.0,23.0,56.0
2020-09-23,9.0,68.0,22.0,23.0,27.0,4.0,80.0,17.0,3.0,0.0,1.0,25.0,75.0,13.0,46.0
2020-09-24,6.0,46.0,20.0,21.0,18.0,5.0,73.0,11.0,4.0,1.0,3.0,16.0,52.0,11.0,49.0
2020-09-25,7.0,52.0,14.0,12.0,28.0,1.0,71.0,16.0,5.0,1.0,1.0,20.0,68.0,12.0,40.0
2020-09-26,8.0,60.0,17.0,12.0,21.0,5.0,59.0,13.0,4.0,1.0,2.0,22.0,55.0,13.0,46.0
2020-09-27,6.0,71.0,22.0,17.0,28.0,4.0,93.0,8.0,6.0,1.0,0.0,41.0,85.0,14.0,56.0
2020-09-28,24.0,97.0,32.0,19.0,32.0,8.0,115.0,8.0,7.0,3.0,4.0,67.0,98.0,22.0,88.0
2020-09-29,19.0,73.0,22.0,20.0,38.0,2.0,89.0,14.0,8.0,6.0,1.0,35.0,87.0,18.0,65.0
2020-09-30,3.0,49.0,12.0,18.0,17.0,4.0,84.0,8.0,3.0,0.0,1.0,32.0,47.0,13.0,60.0
2020-10-01,19.0,52.0,28.0,22.0,22.0,1.0,117.0,12.0,6.0,1.0,1.0,55.0,77.0,21.0,59.0
2020-10-02,13.0,62.0,25.0,19.0,17.0,3.0,83.0,15.0,3.0,3.0,2.0,17.0,52.0,15.0,49.0
2020-10-03,9.0,42.0,16.0,10.0,14.0,5.0,46.0,8.0,2.0,0.0,0.0,21.0,42.0,7.0,37.0
2020-10-04,10.0,54.0,19.0,11.0,17.0,3.0,60.0,11.0,4.0,0.0,1.0,27.0,65.0,15.0,55.0
2020-10-05,13.0,86.0,18.0,22.0,31.0,4.0,92.0,15.0,3.0,2.0,0.0,39.0,95.0,18.0,58.0
2020-10-06,9.0,68.0,25.0,22.0,26.0,8.0,58.0,16.0,3.0,2.0,1.0,18.0,89.0,11.0,46.0
2020-10-07,10.0,53.0,21.0,14.0,31.0,6.0,72.0,11.0,7.0,2.0,0.0,33.0,76.0,12.0,44.0
2020-10-08,14.0,81.0,36.0,20.0,40.0,4.0,100.0,11.0,6.0,3.0,0.0,52.0,91.0,25.0,78.0
2020-10-09,10.0,83.0,17.0,16.0,28.0,5.0,83.0,9.0,3.0,0.0,2.0,61.0,85.0,16.0,64.0
2020-10-10,10.0,53.0,15.0,14.0,10.0,4.0,62.0,12.0,4.0,1.0,2.0,29.0,65.0,19.0,59.0
2020-10-11,13.0,65.0,26.0,11.0,23.0,1.0,88.0,16.0,3.0,0.0,0.0,35.0,75.0,23.0,47.0
2020-10-12,13.0,74.0,28.0,13.0,42.0,7.0,91.0,7.0,2.0,3.0,0.0,42.0,87.0,22.0,65.0
2020-10-13,12.0,58.0,26.0,7.0,26.0,3.0,102.0,16.0,4.0,1.0,1.0,40.0,90.0,22.0,65.0
2020-10-14,15.0,83.0,34.0,22.0,32.0,8.0,106.0,25.0,5.0,0.0,1.0,47.0,80.0,15.0,68.0
2020-10-15,16.0,94.0,36.0,26.0,40.0,3.0,128.0,11.0,8.0,0.0,4.0,56.0,113.0,24.0,78.0
2020-10-16,25.0,73.0,28.0,13.0,35.0,7.0,131.0,23.0,3.0,2.0,2.0,38.0,77.0,28.0,61.0
2020-10-17,9.0,63.0,26.0,21.0,26.0,4.0,96.0,18.0,5.0,0.0,4.0,40.0,62.0,16.0,49.0
2020-10-18,13.0,64.0,38.0,16.0,25.0,2.0,111.0,10.0,6.0,3.0,1.0,34.0,70.0,13.0,52.0
2020-10-19,18.0,93.0,34.0,20.0,30.0,4.0,112.0,25.0,4.0,2.0,1.0,61.0,108.0,21.0,74.0
2020-10-20,32.0,98.0,45.0,38.0,36.0,7.0,113.0,22.0,7.0,2.0,4.0,78.0,112.0,22.0,109.0
2020-10-21,51.0,150.0,77.0,34.0,50.0,6.0,175.0,42.0,11.0,1.0,0.0,140.0,171.0,49.0,170.0
2020-10-22,43.0,149.0,62.0,32.0,57.0,11.0,173.0,27.0,15.0,3.0,1.0,86.0,195.0,45.0,136.0
2020-10-23,31.0,112.0,42.0,20.0,59.0,7.0,167.0,27.0,8.0,1.0,2.0,70.0,137.0,24.0,85.0
2020-10-24,29.0,120.0,45.0,17.0,34.0,8.0,136.0,17.0,11.0,1.0,6.0,84.0,139.0,23.0,75.0
2020-10-25,22.0,108.0,30.0,23.0,44.0,5.0,102.0,22.0,8.0,0.0,4.0,67.0,145.0,22.0,84.0
2020-10-26,22.0,115.0,41.0,45.0,32.0,11.0,173.0,21.0,12.0,3.0,2.0,86.0,139.0,31.0,103.0
2020-10-27,26.0,152.0,61.0,62.0,82.0,4.0,214.0,31.0,10.0,2.0,2.0,111.0,170.0,33.0,139.0
2020-10-28,28.0,129.0,46.0,57.0,40.0,9.0,184.0,26.0,14.0,4.0,5.0,93.0,99.0,46.0,114.0
2020-10-29,30.0,122.0,35.0,46.0,33.0,8.0,147.0,21.0,7.0,2.0,4.0,69.0,105.0,22.0,92.0
2020-10-30,46.0,107.0,71.0,42.0,28.0,5.0,183.0,25.0,9.0,3.0,1.0,64.0,103.0,51.0,80.0
2020-10-31,27.0,101.0,47.0,47.0,48.0,6.0,141.0,25.0,6.0,0.0,6.0,86.0,111.0,62.0,105.0
2020-11-01,32.0,88.0,32.0,19.0,46.0,5.0,150.0,25.0,6.0,0.0,3.0,59.0,107.0,40.0,85.0
2020-11-02,10.0,82.0,37.0,17.0,31.0,4.0,120.0,14.0,5.0,1.0,2.0,41.0,108.0,16.0,82.0
2020-11-03,15.0,128.0,47.0,44.0,44.0,7.0,148.0,17.0,9.0,1.0,5.0,78.0,145.0,14.0,106.0
2020-11-04,18.0,72.0,35.0,31.0,26.0,2.0,137.0,12.0,9.0,1.0,4.0,61.0,86.0,18.0,66.0
2020-11-05,63.0,142.0,74.0,48.0,55.0,13.0,182.0,21.0,8.0,6.0,1.0,157.0,176.0,60.0,230.0
2020-11-06,67.0,142.0,74.0,57.0,49.0,11.0,188.0,41.0,18.0,3.0,3.0,122.0,155.0,41.0,166.0
2020-11-07,39.0,111.0,29.0,34.0,32.0,6.0,121.0,17.0,4.0,2.0,3.0,57.0,111.0,50.0,110.0
2020-11-08,29.0,109.0,52.0,27.0,43.0,4.0,135.0,20.0,7.0,0.0,3.0,44.0,138.0,37.0,95.0
2020-11-09,30.0,123.0,47.0,62.0,53.0,12.0,171.0,29.0,11.0,2.0,3.0,74.0,164.0,37.0,114.0
2020-11-10,22.0,111.0,40.0,32.0,43.0,14.0,173.0,24.0,12.0,3.0,1.0,86.0,122.0,25.0,103.0
2020-11-11,24.0,109.0,48.0,21.0,40.0,5.0,146.0,15.0,13.0,2.0,4.0,79.0,141.0,40.0,111.0
2020-11-12,44.0,157.0,74.0,57.0,71.0,7.0,245.0,26.0,9.0,4.0,4.0,123.0,175.0,40.0,130.0
2020-11-13,38.0,145.0,60.0,45.0,44.0,8.0,228.0,19.0,13.0,0.0,2.0,123.0,145.0,40.0,148.0
2020-11-14,33.0,112.0,38.0,32.0,35.0,8.0,98.0,34.0,10.0,1.0,3.0,319.0,120.0,35.0,111.0
2020-11-15,16.0,111.0,37.0,29.0,49.0,8.0,126.0,27.0,13.0,1.0,3.0,58.0,155.0,38.0,108.0
2020-11-16,43.0,160.0,54.0,44.0,61.0,14.0,147.0,31.0,9.0,4.0,0.0,110.0,197.0,51.0,171.0
2020-11-17,93.0,187.0,87.0,84.0,75.0,19.0,163.0,56.0,16.0,6.0,5.0,184.0,223.0,52.0,201.0
2020-11-18,99.0,206.0,99.0,81.0,82.0,16.0,174.0,53.0,12.0,7.0,5.0,151.0,216.0,55.0,234.0
2020-11-19,56.0,170.0,63.0,54.0,78.0,13.0,185.0,36.0,7.0,3.0,7.0,135.0,208.0,53.0,157.0
2020-11-20,55.0,148.0,61.0,48.0,61.0,15.0,182.0,47.0,12.0,6.0,7.0,139.0,212.0,51.0,166.0
2020-11-21,63.0,188.0,65.0,63.0,47.0,22.0,189.0,51.0,11.0,0.0,0.0,123.0,180.0,44.0,165.0
2020-11-22,43.0,170.0,46.0,50.0,57.0,12.0,184.0,39.0,9.0,3.0,2.0,104.0,172.0,40.0,122.0
2020-11-23,63.0,192.0,67.0,45.0,73.0,12.0,191.0,33.0,13.0,5.0,6.0,118.0,196.0,63.0,161.0
2020-11-24,67.0,225.0,90.0,63.0,76.0,11.0,166.0,45.0,7.0,6.0,8.0,190.0,214.0,85.0,252.0
2020-11-25,58.0,201.0,75.0,63.0,76.0,11.0,238.0,41.0,17.0,5.0,8.0,128.0,227.0,50.0,173.0
2020-11-26,55.0,170.0,68.0,93.0,61.0,16.0,173.0,57.0,12.0,13.0,5.0,149.0,199.0,62.0,282.0
2020-11-27,28.0,131.0,48.0,38.0,54.0,8.0,112.0,17.0,12.0,5.0,5.0,62.0,153.0,26.0,132.0
2020-11-28,28.0,104.0,48.0,51.0,38.0,8.0,105.0,24.0,7.0,3.0,3.0,60.0,158.0,34.0,111.0
2020-11-29,30.0,151.0,36.0,40.0,59.0,7.0,208.0,26.0,10.0,4.0,4.0,69.0,145.0,34.0,125.0
2020-11-30,41.0,139.0,68.0,45.0,51.0,14.0,219.0,31.0,16.0,2.0,7.0,133.0,193.0,55.0,219.0
2020-12-01,44.0,199.0,80.0,55.0,61.0,13.0,190.0,54.0,17.0,1.0,3.0,116.0,184.0,57.0,193.0
2020-12-02,38.0,173.0,60.0,36.0,51.0,8.0,137.0,38.0,12.0,1.0,6.0,97.0,159.0,40.0,160.0
2020-12-03,37.0,158.0,58.0,39.0,63.0,6.0,108.0,21.0,7.0,2.0,3.0,91.0,159.0,46.0,156.0
2020-12-04,37.0,144.0,52.0,38.0,57.0,7.0,119.0,37.0,8.0,4.0,4.0,77.0,145.0,35.0,128.0
2020-12-05,27.0,131.0,50.0,37.0,54.0,7.0,116.0,28.0,15.0,3.0,4.0,61.0,136.0,27.0,125.0
2020-12-06,28.0,132.0,39.0,35.0,69.0,10.0,122.0,24.0,6.0,0.0,6.0,80.0,154.0,31.0,123.0
2020-12-07,26.0,143.0,60.0,37.0,48.0,16.0,159.0,31.0,11.0,1.0,5.0,62.0,142.0,38.0,136.0
2020-12-08,39.0,133.0,61.0,42.0,67.0,8.0,105.0,22.0,12.0,0.0,6.0,78.0,170.0,35.0,104.0
2020-12-09,34.0,141.0,60.0,39.0,58.0,13.0,153.0,36.0,13.0,1.0,2.0,107.0,190.0,35.0,128.0
2020-12-10,26.0,92.0,35.0,33.0,40.0,7.0,94.0,15.0,4.0,1.0,3.0,63.0,106.0,24.0,109.0
2020-12-11,24.0,119.0,40.0,52.0,39.0,5.0,87.0,25.0,8.0,2.0,1.0,89.0,146.0,27.0,123.0
2020-12-12,20.0,98.0,43.0,25.0,39.0,5.0,126.0,29.0,11.0,2.0,2.0,65.0,122.0,33.0,107.0
2020-12-13,20.0,108.0,52.0,22.0,46.0,9.0,96.0,23.0,10.0,4.0,3.0,59.0,138.0,24.0,91.0
2020-12-14,21.0,141.0,42.0,50.0,40.0,8.0,153.0,36.0,6.0,4.0,2.0,64.0,141.0,29.0,103.0
2020-12-15,37.0,134.0,58.0,36.0,64.0,5.0,147.0,19.0,10.0,3.0,0.0,67.0,196.0,34.0,130.0
2020-12-16,69.0,205.0,95.0,72.0,59.0,14.0,189.0,48.0,10.0,1.0,6.0,146.0,221.0,81.0,349.0
2020-12-17,143.0,301.0,123.0,110.0,95.0,17.0,241.0,75.0,21.0,5.0,9.0,258.0,338.0,120.0,441.0
2020-12-18,82.0,220.0,82.0,59.0,91.0,14.0,170.0,43.0,11.0,5.0,4.0,132.0,288.0,69.0,202.0
2020-12-19,54.0,183.0,61.0,54.0,72.0,15.0,136.0,45.0,13.0,8.0,6.0,119.0,230.0,58.0,212.0
2020-12-20,54.0,186.0,83.0,56.0,72.0,14.0,163.0,76.0,16.0,5.0,2.0,117.0,226.0,67.0,207.0
2020-12-21,53.0,204.0,70.0,79.0,75.0,11.0,226.0,59.0,9.0,10.0,20.0,101.0,241.0,50.0,198.0
2020-12-22,46.0,170.0,60.0,52.0,57.0,13.0,175.0,56.0,19.0,2.0,3.0,74.0,232.0,65.0,148.0
2020-12-23,47.0,223.0,77.0,72.0,79.0,15.0,180.0,63.0,12.0,2.0,9.0,107.0,264.0,51.0,179.0
2020-12-24,27.0,196.0,78.0,51.0,73.0,14.0,165.0,56.0,18.0,6.0,3.0,90.0,231.0,72.0,191.0
2020-12-25,32.0,137.0,63.0,31.0,58.0,9.0,109.0,48.0,3.0,4.0,3.0,78.0,167.0,52.0,127.0
2020-12-26,91.0,245.0,92.0,88.0,86.0,25.0,205.0,44.0,17.0,4.0,5.0,174.0,268.0,83.0,284.0
2020-12-27,126.0,310.0,116.0,120.0,103.0,25.0,217.0,71.0,18.0,13.0,9.0,228.0,326.0,92.0,357.0
2020-12-28,59.0,214.0,84.0,78.0,97.0,12.0,211.0,44.0,12.0,5.0,7.0,142.0,294.0,84.0,282.0
2020-12-29,63.0,241.0,88.0,78.0,88.0,19.0,205.0,63.0,5.0,4.0,7.0,138.0,337.0,66.0,286.0
2020-12-30,49.0,257.0,94.0,94.0,87.0,17.0,209.0,54.0,12.0,6.0,8.0,152.0,314.0,87.0,326.0
2020-12-31,80.0,325.0,108.0,95.0,103.0,24.0,246.0,61.0,10.0,7.0,3.0,181.0,372.0,128.0,289.0
2021-01-01,70.0,244.0,97.0,67.0,94.0,20.0,176.0,58.0,22.0,5.0,9.0,137.0,286.0,112.0,277.0
2021-01-02,163.0,392.0,180.0,139.0,133.0,35.0,305.0,112.0,29.0,9.0,10.0,279.0,482.0,123.0,473.0
2021-01-03,185.0,418.0,210.0,141.0,159.0,37.0,306.0,107.0,29.0,10.0,18.0,355.0,543.0,237.0,562.0
2021-01-04,106.0,388.0,152.0,154.0,136.0,19.0,287.0,87.0,36.0,20.0,13.0,262.0,404.0,113.0,424.0
2021-01-05,95.0,374.0,123.0,112.0,126.0,15.0,217.0,63.0,26.0,8.0,7.0,217.0,387.0,80.0,342.0
2021-01-06,117.0,330.0,133.0,105.0,123.0,26.0,244.0,75.0,25.0,12.0,13.0,259.0,401.0,118.0,456.0
2021-01-07,154.0,467.0,182.0,181.0,140.0,44.0,393.0,91.0,22.0,16.0,8.0,366.0,470.0,137.0,743.0
2021-01-08,110.0,425.0,183.0,142.0,149.0,29.0,315.0,86.0,21.0,12.0,10.0,296.0,429.0,130.0,558.0
2021-01-09,89.0,323.0,153.0,111.0,92.0,21.0,199.0,53.0,20.0,5.0,5.0,210.0,386.0,78.0,343.0
2021-01-10,114.0,398.0,137.0,120.0,109.0,24.0,309.0,69.0,26.0,17.0,8.0,258.0,414.0,127.0,439.0
2021-01-11,136.0,448.0,175.0,300.0,165.0,27.0,349.0,122.0,32.0,48.0,17.0,357.0,467.0,131.0,659.0
2021-01-12,90.0,324.0,128.0,144.0,98.0,20.0,267.0,63.0,14.0,22.0,8.0,187.0,347.0,99.0,342.0
2021-01-13,60.0,314.0,118.0,110.0,115.0,14.0,251.0,59.0,22.0,14.0,12.0,182.0,340.0,87.0,341.0
2021-01-14,50.0,331.0,107.0,98.0,150.0,16.0,277.0,70.0,18.0,10.0,9.0,168.0,401.0,87.0,394.0
2021-01-15,78.0,318.0,124.0,129.0,117.0,21.0,244.0,57.0,13.0,9.0,7.0,165.0,322.0,78.0,331.0
2021-01-16,54.0,240.0,110.0,64.0,123.0,14.0,222.0,51.0,15.0,7.0,4.0,139.0,289.0,75.0,240.0
2021-01-17,42.0,202.0,69.0,67.0,93.0,18.0,170.0,42.0,19.0,8.0,2.0,137.0,258.0,48.0,244.0
2021-01-18,42.0,214.0,75.0,72.0,76.0,19.0,210.0,67.0,15.0,0.0,8.0,134.0,284.0,57.0,252.0
2021-01-19,39.0,225.0,83.0,69.0,82.0,11.0,206.0,50.0,23.0,4.0,14.0,154.0,306.0,54.0,266.0
2021-01-20,59.0,189.0,90.0,89.0,68.0,11.0,185.0,49.0,12.0,8.0,5.0,122.0,208.0,52.0,225.0
2021-01-21,56.0,250.0,104.0,156.0,99.0,20.0,295.0,75.0,18.0,8.0,8.0,209.0,279.0,59.0,354.0
2021-01-22,56.0,275.0,111.0,122.0,95.0,11.0,212.0,61.0,17.0,23.0,6.0,161.0,252.0,91.0,360.0
2021-01-23,46.0,173.0,70.0,53.0,78.0,14.0,167.0,32.0,5.0,11.0,4.0,107.0,235.0,45.0,203.0
2021-01-24,40.0,223.0,73.0,79.0,80.0,20.0,181.0,56.0,12.0,8.0,10.0,143.0,279.0,47.0,265.0
2021-01-25,46.0,220.0,72.0,71.0,80.0,17.0,168.0,42.0,14.0,4.0,5.0,142.0,263.0,44.0,252.0
2021-01-26,54.0,199.0,67.0,62.0,79.0,17.0,184.0,42.0,10.0,5.0,5.0,127.0,234.0,53.0,251.0
2021-01-27,47.0,187.0,84.0,82.0,57.0,20.0,170.0,49.0,6.0,7.0,8.0,149.0,215.0,57.0,311.0
2021-01-28,47.0,215.0,145.0,82.0,69.0,20.0,191.0,84.0,7.0,7.0,9.0,194.0,262.0,72.0,439.0
2021-01-29,274.0,637.0,429.0,152.0,201.0,43.0,432.0,275.0,24.0,28.0,35.0,732.0,655.0,202.0,1260.0
2021-01-30,241.0,559.0,325.0,222.0,249.0,38.0,332.0,282.0,129.0,34.0,16.0,594.0,628.0,152.0,784.0
2021-01-31,170.0,425.0,212.0,108.0,175.0,34.0,292.0,117.0,31.0,9.0,22.0,325.0,493.0,139.0,574.0
2021-02-01,151.0,460.0,221.0,121.0,187.0,34.0,371.0,130.0,39.0,14.0,22.0,343.0,615.0,157.0,678.0
2021-02-02,100.0,445.0,194.0,116.0,182.0,24.0,302.0,95.0,27.0,9.0,6.0,299.0,527.0,124.0,595.0
2021-02-03,133.0,441.0,198.0,104.0,172.0,34.0,300.0,103.0,28.0,5.0,9.0,335.0,593.0,135.0,568.0
2021-02-04,118.0,376.0,189.0,115.0,154.0,25.0,294.0,105.0,29.0,12.0,13.0,306.0,550.0,158.0,580.0
2021-02-05,127.0,445.0,197.0,111.0,164.0,42.0,312.0,98.0,21.0,10.0,14.0,354.0,541.0,156.0,517.0
2021-02-06,135.0,448.0,220.0,143.0,168.0,28.0,338.0,100.0,17.0,5.0,18.0,370.0,611.0,150.0,573.0
2021-02-07,152.0,513.0,224.0,154.0,211.0,30.0,341.0,89.0,32.0,17.0,10.0,395.0,654.0,133.0,575.0
2021-02-08,232.0,721.0,340.0,205.0,282.0,73.0,559.0,166.0,46.0,25.0,14.0,703.0,1078.0,234.0,1041.0
2021-02-09,213.0,760.0,332.0,234.0,281.0,44.0,560.0,164.0,48.0,20.0,17.0,601.0,958.0,258.0,898.0
2021-02-10,173.0,586.0,249.0,204.0,216.0,36.0,435.0,122.0,32.0,23.0,22.0,435.0,773.0,148.0,691.0
2021-02-11,142.0,675.0,232.0,177.0,238.0,39.0,593.0,113.0,46.0,16.0,16.0,395.0,870.0,126.0,727.0
2021-02-12,143.0,514.0,207.0,169.0,197.0,33.0,398.0,110.0,29.0,14.0,14.0,378.0,689.0,162.0,657.0
2021-02-13,148.0,469.0,197.0,154.0,203.0,27.0,353.0,118.0,32.0,16.0,14.0,327.0,618.0,154.0,577.0
2021-02-14,148.0,509.0,246.0,171.0,203.0,24.0,423.0,93.0,40.0,17.0,17.0,369.0,692.0,162.0,616.0
2021-02-15,150.0,510.0,182.0,204.0,180.0,36.0,426.0,128.0,28.0,25.0,17.0,325.0,644.0,125.0,511.0
2021-02-16,122.0,500.0,232.0,178.0,184.0,28.0,338.0,92.0,21.0,12.0,15.0,345.0,611.0,171.0,656.0
2021-02-17,188.0,591.0,236.0,217.0,205.0,41.0,407.0,156.0,32.0,14.0,8.0,455.0,719.0,226.0,752.0
2021-02-18,210.0,572.0,224.0,174.0,187.0,46.0,389.0,133.0,38.0,10.0,20.0,364.0,725.0,191.0,664.0
2021-02-19,201.0,588.0,274.0,171.0,187.0,37.0,436.0,139.0,37.0,12.0,19.0,411.0,763.0,204.0,724.0
2021-02-20,161.0,640.0,259.0,241.0,239.0,34.0,431.0,127.0,43.0,19.0,21.0,428.0,719.0,217.0,668.0
2021-02-21,139.0,565.0,227.0,190.0,188.0,21.0,421.0,123.0,42.0,20.0,28.0,307.0,678.0,159.0,548.0
2021-02-22,133.0,523.0,199.0,250.0,186.0,34.0,464.0,124.0,31.0,40.0,15.0,323.0,603.0,163.0,722.0
2021-02-23,132.0,601.0,276.0,408.0,194.0,55.0,485.0,160.0,38.0,73.0,18.0,497.0,644.0,177.0,840.0
2021-02-24,185.0,508.0,218.0,207.0,202.0,39.0,452.0,121.0,22.0,23.0,16.0,299.0,611.0,126.0,649.0
2021-02-25,99.0,405.0,158.0,153.0,164.0,31.0,397.0,95.0,22.0,14.0,15.0,246.0,536.0,118.0,517.0
2021-02-26,112.0,442.0,210.0,234.0,142.0,26.0,366.0,89.0,27.0,24.0,13.0,333.0,542.0,142.0,535.0
2021-02-27,92.0,382.0,160.0,150.0,112.0,36.0,326.0,83.0,28.0,11.0,13.0,249.0,450.0,111.0,419.0
2021-02-28,129.0,468.0,212.0,289.0,169.0,29.0,380.0,115.0,27.0,21.0,18.0,372.0,533.0,118.0,469.0
2021-03-01,85.0,411.0,169.0,170.0,167.0,42.0,478.0,95.0,22.0,15.0,15.0,289.0,574.0,151.0,566.0
2021-03-02,89.0,376.0,157.0,121.0,163.0,23.0,311.0,105.0,18.0,7.0,15.0,245.0,522.0,119.0,417.0
2021-03-03,88.0,337.0,153.0,104.0,115.0,25.0,255.0,73.0,12.0,15.0,15.0,247.0,398.0,98.0,355.0
2021-03-04,83.0,401.0,163.0,153.0,112.0,26.0,297.0,97.0,18.0,8.0,17.0,220.0,465.0,101.0,399.0
2021-03-05,76.0,331.0,132.0,140.0,124.0,31.0,303.0,98.0,23.0,6.0,13.0,237.0,420.0,95.0,345.0
2021-03-06,59.0,305.0,119.0,106.0,113.0,22.0,211.0,60.0,12.0,4.0,8.0,187.0,346.0,88.0,279.0
2021-03-07,82.0,316.0,125.0,99.0,107.0,25.0,202.0,71.0,12.0,9.0,11.0,213.0,422.0,76.0,361.0
2021-03-08,98.0,330.0,154.0,118.0,123.0,27.0,298.0,85.0,24.0,12.0,15.0,236.0,456.0,117.0,399.0
2021-03-09,100.0,365.0,145.0,125.0,132.0,21.0,287.0,89.0,26.0,1.0,11.0,247.0,472.0,115.0,424.0
2021-03-10,111.0,364.0,160.0,151.0,136.0,34.0,281.0,103.0,21.0,15.0,16.0,271.0,461.0,118.0,430.0
2021-03-11,98.0,414.0,179.0,139.0,163.0,30.0,292.0,104.0,27.0,8.0,16.0,245.0,475.0,86.0,416.0
2021-03-12,92.0,365.0,166.0,107.0,144.0,24.0,261.0,81.0,23.0,8.0,17.0,209.0,394.0,94.0,340.0
2021-03-13,132.0,393.0,195.0,147.0,144.0,32.0,264.0,115.0,25.0,8.0,17.0,312.0,491.0,155.0,600.0
2021-03-14,116.0,359.0,158.0,140.0,149.0,28.0,252.0,105.0,32.0,8.0,15.0,250.0,491.0,123.0,380.0
2021-03-15,88.0,343.0,143.0,143.0,156.0,34.0,329.0,90.0,16.0,8.0,15.0,225.0,476.0,101.0,364.0
2021-03-16,81.0,380.0,126.0,168.0,123.0,24.0,264.0,65.0,18.0,15.0,13.0,214.0,393.0,93.0,351.0
2021-03-17,68.0,296.0,115.0,132.0,125.0,18.0,239.0,87.0,20.0,6.0,11.0,228.0,411.0,108.0,327.0
2021-03-18,59.0,303.0,153.0,109.0,130.0,18.0,287.0,86.0,21.0,7.0,13.0,204.0,459.0,104.0,372.0
2021-03-19,53.0,280.0,109.0,101.0,105.0,7.0,238.0,79.0,12.0,7.0,12.0,175.0,330.0,94.0,276.0
2021-03-20,75.0,290.0,121.0,96.0,105.0,17.0,169.0,69.0,18.0,9.0,6.0,168.0,341.0,75.0,265.0
2021-03-21,80.0,319.0,116.0,125.0,129.0,19.0,295.0,56.0,14.0,5.0,11.0,189.0,374.0,74.0,286.0
2021-03-22,67.0,371.0,119.0,149.0,175.0,25.0,348.0,75.0,21.0,16.0,15.0,207.0,450.0,87.0,341.0
2021-03-23,68.0,332.0,128.0,170.0,153.0,16.0,255.0,79.0,14.0,18.0,10.0,229.0,398.0,67.0,332.0
2021-03-24,84.0,350.0,167.0,146.0,155.0,24.0,301.0,78.0,26.0,10.0,9.0,247.0,480.0,88.0,416.0
2021-03-25,93.0,459.0,196.0,256.0,176.0,36.0,375.0,108.0,26.0,25.0,20.0,318.0,565.0,132.0,449.0
2021-03-26,68.0,369.0,138.0,132.0,137.0,18.0,361.0,80.0,20.0,4.0,7.0,245.0,457.0,84.0,329.0
2021-03-27,63.0,305.0,138.0,97.0,97.0,12.0,236.0,62.0,22.0,4.0,4.0,171.0,375.0,89.0,311.0
2021-03-28,72.0,276.0,111.0,75.0,122.0,19.0,201.0,56.0,11.0,4.0,6.0,146.0,330.0,75.0,287.0
2021-03-29,73.0,305.0,107.0,101.0,103.0,22.0,259.0,83.0,18.0,10.0,12.0,208.0,420.0,91.0,330.0
2021-03-30,87.0,342.0,148.0,108.0,122.0,21.0,244.0,76.0,18.0,4.0,5.0,200.0,440.0,80.0,368.0
2021-03-31,87.0,346.0,138.0,128.0,136.0,34.0,245.0,88.0,18.0,11.0,9.0,220.0,433.0,100.0,388.0
2021-04-01,65.0,257.0,119.0,110.0,93.0,25.0,212.0,58.0,18.0,7.0,15.0,215.0,354.0,95.0,365.0
2021-04-02,83.0,358.0,148.0,128.0,138.0,23.0,228.0,84.0,14.0,7.0,9.0,245.0,470.0,98.0,378.0
2021-04-03,69.0,305.0,114.0,94.0,126.0,24.0,205.0,69.0,19.0,8.0,10.0,208.0,415.0,93.0,369.0
2021-04-04,60.0,254.0,91.0,101.0,88.0,19.0,171.0,80.0,14.0,1.0,5.0,139.0,338.0,91.0,267.0
2021-04-05,70.0,264.0,148.0,91.0,103.0,21.0,182.0,70.0,19.0,7.0,6.0,228.0,344.0,91.0,359.0
2021-04-06,89.0,331.0,134.0,150.0,125.0,20.0,223.0,57.0,18.0,11.0,7.0,248.0,400.0,102.0,367.0
2021-04-07,78.0,321.0,127.0,186.0,111.0,26.0,222.0,85.0,16.0,14.0,20.0,241.0,396.0,97.0,399.0
2021-04-08,65.0,335.0,128.0,126.0,116.0,16.0,210.0,72.0,20.0,12.0,11.0,211.0,398.0,90.0,379.0
2021-04-09,75.0,321.0,132.0,116.0,132.0,24.0,187.0,67.0,17.0,8.0,3.0,216.0,406.0,79.0,377.0
2021-04-10,83.0,325.0,140.0,143.0,95.0,23.0,196.0,98.0,12.0,3.0,3.0,256.0,437.0,114.0,420.0
2021-04-11,95.0,263.0,118.0,125.0,105.0,19.0,181.0,50.0,19.0,9.0,5.0,258.0,391.0,102.0,308.0
2021-04-12,78.0,319.0,119.0,180.0,116.0,19.0,252.0,54.0,15.0,4.0,6.0,254.0,418.0,85.0,464.0
2021-04-13,148.0,391.0,194.0,169.0,134.0,19.0,235.0,110.0,22.0,12.0,11.0,366.0,522.0,142.0,561.0
2021-04-14,130.0,377.0,177.0,173.0,128.0,22.0,259.0,96.0,22.0,16.0,16.0,316.0,470.0,143.0,469.0
2021-04-15,145.0,389.0,165.0,145.0,138.0,39.0,228.0,86.0,23.0,7.0,7.0,363.0,528.0,111.0,425.0
2021-04-16,205.0,586.0,260.0,254.0,249.0,48.0,352.0,154.0,29.0,20.0,13.0,511.0,674.0,198.0,708.0
2021-04-17,153.0,425.0,193.0,210.0,176.0,35.0,290.0,91.0,22.0,17.0,13.0,415.0,537.0,142.0,474.0
2021-04-18,194.0,627.0,271.0,405.0,278.0,44.0,515.0,165.0,30.0,44.0,11.0,542.0,803.0,180.0,686.0
2021-04-19,210.0,546.0,246.0,314.0,221.0,56.0,340.0,107.0,26.0,25.0,19.0,485.0,736.0,193.0,687.0
2021-04-20,149.0,486.0,255.0,286.0,181.0,38.0,345.0,83.0,31.0,30.0,18.0,492.0,680.0,171.0,658.0
2021-04-21,122.0,525.0,228.0,264.0,174.0,32.0,364.0,103.0,32.0,21.0,24.0,438.0,661.0,169.0,504.0
2021-04-22,167.0,627.0,291.0,462.0,230.0,43.0,435.0,149.0,36.0,35.0,22.0,558.0,768.0,202.0,665.0
2021-04-23,157.0,652.0,308.0,521.0,212.0,48.0,472.0,165.0,34.0,64.0,28.0,633.0,734.0,203.0,791.0
2021-04-24,92.0,374.0,187.0,210.0,172.0,26.0,290.0,93.0,32.0,15.0,14.0,347.0,497.0,116.0,450.0
2021-04-25,84.0,465.0,196.0,325.0,155.0,30.0,285.0,90.0,13.0,19.0,9.0,398.0,575.0,113.0,452.0
2021-04-26,129.0,481.0,219.0,211.0,156.0,22.0,402.0,106.0,16.0,28.0,10.0,420.0,642.0,143.0,582.0
2021-04-27,83.0,375.0,183.0,214.0,149.0,27.0,374.0,108.0,22.0,17.0,16.0,386.0,554.0,111.0,509.0
2021-04-28,92.0,361.0,186.0,166.0,139.0,24.0,226.0,97.0,17.0,9.0,14.0,303.0,545.0,111.0,517.0
2021-04-29,102.0,440.0,210.0,210.0,159.0,35.0,284.0,102.0,22.0,8.0,11.0,412.0,624.0,118.0,536.0
2021-04-30,112.0,369.0,201.0,157.0,135.0,22.0,229.0,84.0,37.0,7.0,18.0,322.0,457.0,119.0,493.0
2021-05-01,108.0,340.0,181.0,155.0,138.0,20.0,208.0,74.0,20.0,8.0,12.0,307.0,493.0,106.0,431.0
2021-05-02,88.0,326.0,176.0,142.0,145.0,21.0,224.0,74.0,25.0,11.0,9.0,324.0,495.0,109.0,426.0
2021-05-03,163.0,488.0,191.0,189.0,164.0,35.0,269.0,99.0,17.0,12.0,9.0,441.0,601.0,149.0,528.0
2021-05-04,195.0,510.0,262.0,244.0,200.0,34.0,297.0,140.0,21.0,16.0,20.0,530.0,704.0,165.0,552.0
2021-05-05,338.0,659.0,296.0,243.0,266.0,40.0,387.0,144.0,36.0,13.0,18.0,670.0,1011.0,212.0,792.0
2021-05-06,159.0,529.0,208.0,211.0,203.0,38.0,306.0,118.0,40.0,16.0,23.0,503.0,701.0,161.0,490.0
2021-05-07,133.0,445.0,203.0,159.0,179.0,28.0,294.0,99.0,16.0,15.0,15.0,339.0,571.0,136.0,442.0
2021-05-08,156.0,479.0,233.0,212.0,173.0,37.0,327.0,90.0,24.0,12.0,17.0,444.0,601.0,136.0,534.0
2021-05-09,128.0,484.0,222.0,262.0,209.0,48.0,360.0,103.0,39.0,30.0,10.0,452.0,677.0,179.0,527.0
2021-05-10,127.0,518.0,237.0,294.0,190.0,23.0,382.0,106.0,21.0,23.0,13.0,564.0,630.0,149.0,513.0
2021-05-11,104.0,420.0,185.0,225.0,149.0,28.0,401.0,89.0,33.0,18.0,19.0,377.0,555.0,113.0,461.0
2021-05-12,113.0,519.0,241.0,375.0,213.0,41.0,547.0,189.0,23.0,25.0,31.0,668.0,679.0,164.0,804.0
2021-05-13,173.0,1007.0,469.0,623.0,411.0,90.0,1016.0,471.0,54.0,90.0,49.0,844.0,1180.0,249.0,1236.0
2021-05-14,129.0,603.0,290.0,250.0,281.0,51.0,601.0,214.0,23.0,41.0,17.0,465.0,858.0,163.0,665.0
2021-05-15,132.0,544.0,247.0,362.0,286.0,53.0,457.0,187.0,29.0,21.0,22.0,475.0,739.0,160.0,521.0
2021-05-16,142.0,722.0,365.0,536.0,338.0,56.0,614.0,266.0,41.0,50.0,36.0,642.0,851.0,195.0,795.0
2021-05-17,145.0,842.0,422.0,598.0,284.0,78.0,782.0,267.0,47.0,60.0,34.0,714.0,880.0,222.0,1006.0
2021-05-18,143.0,560.0,264.0,381.0,201.0,48.0,572.0,143.0,35.0,52.0,21.0,494.0,662.0,156.0,645.0
2021-05-19,183.0,951.0,461.0,1023.0,328.0,93.0,839.0,347.0,59.0,142.0,45.0,912.0,951.0,280.0,1080.0
2021-05-20,47.0,279.0,115.0,179.0,93.0,21.0,218.0,63.0,19.0,24.0,13.0,179.0,368.0,72.0,314.0
2021-05-21,52.0,233.0,110.0,171.0,84.0,13.0,213.0,64.0,12.0,12.0,8.0,210.0,278.0,55.0,254.0
2021-05-22,48.0,182.0,93.0,174.0,92.0,18.0,204.0,52.0,13.0,13.0,5.0,193.0,243.0,95.0,190.0
2021-05-23,51.0,250.0,89.0,232.0,80.0,17.0,194.0,52.0,9.0,15.0,10.0,230.0,248.0,56.0,222.0
2021-05-24,43.0,242.0,117.0,176.0,74.0,15.0,233.0,65.0,8.0,10.0,11.0,224.0,273.0,63.0,286.0
2021-05-25,36.0,273.0,84.0,132.0,102.0,15.0,216.0,83.0,12.0,13.0,9.0,167.0,315.0,60.0,246.0
2021-05-26,43.0,179.0,74.0,105.0,76.0,9.0,143.0,60.0,6.0,14.0,13.0,152.0,239.0,47.0,255.0
2021-05-27,38.0,190.0,95.0,114.0,63.0,13.0,169.0,41.0,10.0,5.0,2.0,140.0,211.0,42.0,203.0
2021-05-28,42.0,193.0,87.0,133.0,77.0,12.0,171.0,52.0,17.0,5.0,9.0,149.0,253.0,43.0,190.0
2021-05-29,35.0,205.0,97.0,174.0,99.0,15.0,190.0,47.0,11.0,15.0,4.0,188.0,248.0,61.0,215.0
2021-05-30,32.0,192.0,72.0,113.0,67.0,15.0,172.0,53.0,14.0,11.0,4.0,153.0,247.0,61.0,211.0
2021-05-31,36.0,183.0,82.0,109.0,86.0,16.0,188.0,44.0,8.0,7.0,10.0,129.0,220.0,51.0,226.0
2021-06-01,27.0,159.0,63.0,108.0,65.0,12.0,142.0,24.0,11.0,10.0,5.0,142.0,211.0,29.0,229.0
2021-06-02,28.0,155.0,66.0,86.0,55.0,14.0,148.0,30.0,13.0,1.0,10.0,121.0,216.0,39.0,200.0
2021-06-03,35.0,148.0,65.0,65.0,59.0,11.0,142.0,48.0,5.0,3.0,4.0,126.0,207.0,60.0,180.0
2021-06-04,42.0,180.0,100.0,126.0,71.0,20.0,171.0,81.0,12.0,11.0,13.0,162.0,215.0,52.0,260.0
2021-06-05,41.0,199.0,93.0,96.0,86.0,11.0,175.0,83.0,6.0,6.0,13.0,136.0,277.0,37.0,321.0
2021-06-06,37.0,222.0,92.0,115.0,89.0,29.0,277.0,65.0,12.0,5.0,7.0,172.0,368.0,48.0,315.0
2021-06-07,46.0,247.0,101.0,111.0,86.0,14.0,246.0,61.0,10.0,3.0,12.0,224.0,266.0,33.0,255.0
2021-06-08,40.0,296.0,98.0,229.0,108.0,14.0,306.0,93.0,13.0,19.0,10.0,208.0,317.0,54.0,291.0
2021-06-09,47.0,300.0,113.0,142.0,111.0,18.0,268.0,79.0,8.0,8.0,9.0,207.0,357.0,70.0,371.0
2021-06-10,42.0,232.0,121.0,120.0,95.0,22.0,263.0,94.0,14.0,3.0,18.0,215.0,350.0,66.0,314.0
2021-06-11,44.0,247.0,104.0,160.0,90.0,10.0,302.0,76.0,12.0,7.0,5.0,178.0,327.0,52.0,303.0
2021-06-12,45.0,223.0,88.0,143.0,89.0,14.0,217.0,47.0,14.0,2.0,7.0,168.0,249.0,51.0,248.0
2021-06-13,33.0,200.0,80.0,106.0,93.0,23.0,198.0,58.0,16.0,3.0,5.0,165.0,302.0,39.0,248.0
2021-06-14,45.0,214.0,114.0,121.0,69.0,13.0,241.0,65.0,17.0,2.0,7.0,192.0,221.0,48.0,265.0
2021-06-15,45.0,156.0,93.0,91.0,58.0,10.0,213.0,42.0,12.0,3.0,5.0,171.0,266.0,37.0,264.0
2021-06-16,36.0,213.0,52.0,106.0,66.0,15.0,216.0,48.0,11.0,4.0,2.0,153.0,253.0,33.0,252.0
2021-06-17,40.0,153.0,63.0,78.0,68.0,10.0,177.0,42.0,15.0,3.0,5.0,127.0,200.0,36.0,204.0
2021-06-18,33.0,180.0,86.0,141.0,70.0,9.0,193.0,28.0,9.0,6.0,6.0,153.0,215.0,61.0,219.0
2021-06-19,54.0,215.0,95.0,161.0,82.0,8.0,216.0,46.0,9.0,4.0,9.0,185.0,243.0,53.0,300.0
2021-06-20,53.0,260.0,101.0,220.0,107.0,17.0,197.0,53.0,15.0,17.0,8.0,245.0,336.0,65.0,251.0
2021-06-21,59.0,249.0,113.0,287.0,113.0,14.0,254.0,69.0,14.0,16.0,8.0,248.0,274.0,50.0,248.0
2021-06-22,33.0,197.0,96.0,213.0,78.0,25.0,179.0,50.0,5.0,14.0,4.0,231.0,232.0,51.0,210.0
2021-06-23,36.0,198.0,86.0,135.0,80.0,19.0,213.0,37.0,11.0,11.0,5.0,165.0,220.0,43.0,219.0
2021-06-24,38.0,181.0,75.0,100.0,66.0,12.0,224.0,38.0,11.0,6.0,6.0,132.0,173.0,46.0,211.0
2021-06-25,36.0,232.0,101.0,148.0,80.0,19.0,209.0,66.0,6.0,5.0,9.0,153.0,239.0,53.0,244.0
2021-06-26,35.0,192.0,87.0,178.0,93.0,9.0,177.0,56.0,10.0,11.0,9.0,178.0,268.0,46.0,211.0
2021-06-27,40.0,189.0,92.0,124.0,66.0,13.0,184.0,55.0,6.0,7.0,5.0,161.0,206.0,47.0,193.0
2021-06-28,38.0,191.0,100.0,119.0,69.0,5.0,243.0,45.0,9.0,5.0,5.0,176.0,235.0,49.0,223.0
2021-06-29,36.0,195.0,71.0,105.0,62.0,29.0,206.0,35.0,9.0,4.0,6.0,154.0,234.0,47.0,228.0
2021-06-30,38.0,197.0,99.0,80.0,78.0,8.0,184.0,45.0,14.0,4.0,4.0,127.0,258.0,50.0,237.0
2021-07-01,31.0,173.0,80.0,83.0,52.0,13.0,159.0,41.0,15.0,1.0,5.0,141.0,243.0,36.0,160.0
2021-07-02,27.0,157.0,66.0,84.0,67.0,7.0,155.0,35.0,13.0,4.0,6.0,111.0,209.0,33.0,182.0
2021-07-03,34.0,188.0,82.0,92.0,75.0,14.0,172.0,62.0,8.0,3.0,6.0,137.0,223.0,31.0,185.0
2021-07-04,26.0,169.0,66.0,80.0,71.0,11.0,150.0,52.0,10.0,3.0,7.0,125.0,210.0,44.0,200.0
2021-07-05,31.0,196.0,69.0,88.0,53.0,9.0,191.0,44.0,7.0,7.0,7.0,144.0,248.0,49.0,195.0
2021-07-06,18.0,127.0,72.0,86.0,54.0,13.0,198.0,39.0,11.0,6.0,6.0,127.0,172.0,42.0,200.0
2021-07-07,32.0,151.0,72.0,72.0,54.0,9.0,171.0,34.0,10.0,2.0,5.0,113.0,217.0,35.0,187.0
2021-07-08,25.0,150.0,52.0,113.0,76.0,10.0,135.0,37.0,11.0,4.0,3.0,121.0,170.0,42.0,205.0
2021-07-09,29.0,152.0,66.0,101.0,69.0,14.0,174.0,30.0,7.0,1.0,5.0,125.0,206.0,39.0,228.0
2021-07-10,34.0,157.0,70.0,67.0,56.0,14.0,170.0,48.0,6.0,3.0,7.0,141.0,194.0,38.0,185.0
2021-07-11,25.0,130.0,66.0,64.0,49.0,6.0,143.0,39.0,7.0,6.0,7.0,101.0,189.0,38.0,140.0
2021-07-12,27.0,136.0,74.0,65.0,54.0,15.0,173.0,39.0,2.0,5.0,4.0,114.0,181.0,33.0,180.0
2021-07-13,29.0,111.0,56.0,100.0,66.0,10.0,167.0,38.0,11.0,2.0,10.0,127.0,172.0,39.0,205.0
2021-07-14,32.0,164.0,63.0,114.0,62.0,11.0,191.0,38.0,12.0,5.0,11.0,147.0,195.0,43.0,191.0
2021-07-15,23.0,153.0,49.0,119.0,38.0,8.0,144.0,35.0,8.0,3.0,4.0,121.0,165.0,31.0,183.0
2021-07-16,23.0,171.0,73.0,123.0,51.0,9.0,184.0,40.0,9.0,4.0,10.0,195.0,231.0,34.0,193.0
2021-07-17,32.0,155.0,53.0,117.0,67.0,14.0,202.0,45.0,9.0,4.0,2.0,231.0,201.0,44.0,158.0
2021-07-18,27.0,170.0,66.0,108.0,39.0,7.0,166.0,31.0,10.0,5.0,1.0,207.0,211.0,36.0,153.0
2021-07-19,25.0,136.0,88.0,133.0,54.0,13.0,147.0,33.0,11.0,6.0,4.0,207.0,180.0,35.0,170.0
2021-07-20,51.0,166.0,100.0,224.0,67.0,11.0,164.0,43.0,10.0,15.0,6.0,274.0,209.0,43.0,202.0
2021-07-21,44.0,161.0,71.0,112.0,54.0,10.0,185.0,43.0,9.0,8.0,7.0,220.0,177.0,39.0,214.0
2021-07-22,38.0,123.0,56.0,64.0,44.0,13.0,146.0,36.0,8.0,3.0,4.0,197.0,156.0,45.0,153.0
2021-07-23,32.0,178.0,79.0,72.0,44.0,10.0,131.0,37.0,8.0,2.0,6.0,185.0,179.0,35.0,143.0
2021-07-24,35.0,142.0,76.0,54.0,46.0,12.0,136.0,28.0,7.0,5.0,3.0,191.0,159.0,43.0,148.0
2021-07-25,38.0,145.0,82.0,65.0,45.0,5.0,128.0,32.0,7.0,0.0,3.0,213.0,242.0,43.0,143.0
2021-07-26,65.0,148.0,89.0,103.0,54.0,11.0,181.0,46.0,8.0,2.0,3.0,314.0,167.0,54.0,213.0
2021-07-27,35.0,134.0,57.0,60.0,35.0,11.0,111.0,33.0,4.0,2.0,2.0,163.0,128.0,31.0,113.0
2021-07-28,30.0,149.0,83.0,74.0,53.0,10.0,157.0,39.0,7.0,2.0,1.0,253.0,166.0,62.0,174.0
2021-07-29,33.0,133.0,68.0,52.0,57.0,9.0,152.0,45.0,12.0,3.0,5.0,215.0,183.0,30.0,194.0
2021-07-30,28.0,143.0,79.0,74.0,38.0,9.0,162.0,46.0,5.0,2.0,6.0,234.0,144.0,49.0,197.0
2021-07-31,52.0,144.0,84.0,59.0,58.0,11.0,148.0,36.0,11.0,1.0,3.0,286.0,192.0,43.0,181.0
2021-08-01,41.0,140.0,74.0,72.0,56.0,7.0,142.0,45.0,14.0,1.0,8.0,196.0,170.0,54.0,180.0
2021-08-02,28.0,123.0,59.0,59.0,32.0,7.0,139.0,35.0,5.0,4.0,2.0,195.0,128.0,41.0,194.0
2021-08-03,16.0,103.0,50.0,64.0,50.0,10.0,114.0,35.0,5.0,8.0,4.0,216.0,129.0,27.0,157.0
2021-08-04,35.0,102.0,57.0,43.0,30.0,5.0,128.0,22.0,4.0,1.0,3.0,179.0,152.0,29.0,160.0
2021-08-05,26.0,76.0,52.0,44.0,36.0,4.0,105.0,22.0,4.0,1.0,7.0,152.0,143.0,27.0,158.0
2021-08-06,24.0,115.0,51.0,44.0,36.0,10.0,123.0,26.0,5.0,3.0,3.0,175.0,147.0,24.0,148.0
2021-08-07,32.0,126.0,51.0,37.0,31.0,9.0,94.0,35.0,4.0,4.0,2.0,163.0,113.0,28.0,127.0
2021-08-08,30.0,86.0,56.0,50.0,34.0,5.0,80.0,19.0,4.0,1.0,8.0,155.0,114.0,46.0,118.0
2021-08-09,35.0,94.0,56.0,44.0,39.0,10.0,92.0,37.0,3.0,1.0,3.0,179.0,143.0,35.0,151.0
2021-08-10,21.0,93.0,65.0,51.0,46.0,8.0,120.0,36.0,2.0,1.0,2.0,169.0,140.0,24.0,137.0
2021-08-11,29.0,91.0,52.0,52.0,40.0,4.0,96.0,32.0,1.0,4.0,2.0,144.0,129.0,37.0,120.0
2021-08-12,15.0,47.0,26.0,37.0,26.0,2.0,67.0,16.0,3.0,0.0,3.0,101.0,88.0,18.0,81.0
2021-08-13,23.0,88.0,58.0,47.0,33.0,10.0,88.0,16.0,5.0,4.0,5.0,125.0,137.0,34.0,118.0
2021-08-14,23.0,101.0,59.0,39.0,35.0,6.0,88.0,27.0,6.0,4.0,4.0,135.0,149.0,27.0,132.0
2021-08-15,24.0,79.0,47.0,34.0,26.0,5.0,78.0,15.0,4.0,0.0,1.0,120.0,113.0,19.0,93.0
2021-08-16,28.0,97.0,62.0,41.0,32.0,8.0,95.0,26.0,2.0,2.0,3.0,153.0,134.0,26.0,117.0
2021-08-17,23.0,101.0,22.0,38.0,38.0,3.0,93.0,20.0,3.0,3.0,2.0,142.0,125.0,19.0,100.0
2021-08-18,25.0,108.0,51.0,53.0,32.0,8.0,100.0,24.0,9.0,5.0,1.0,144.0,129.0,26.0,127.0
2021-08-19,31.0,83.0,38.0,34.0,47.0,8.0,104.0,25.0,9.0,2.0,3.0,139.0,140.0,20.0,158.0
2021-08-20,17.0,92.0,62.0,32.0,30.0,9.0,93.0,38.0,11.0,1.0,2.0,156.0,106.0,25.0,167.0
2021-08-21,47.0,109.0,60.0,47.0,48.0,5.0,104.0,29.0,3.0,4.0,3.0,158.0,142.0,31.0,155.0
2021-08-22,36.0,127.0,71.0,55.0,36.0,9.0,94.0,30.0,4.0,0.0,1.0,162.0,131.0,33.0,136.0
2021-08-23,45.0,117.0,62.0,76.0,32.0,7.0,101.0,34.0,4.0,3.0,4.0,182.0,141.0,67.0,181.0
2021-08-24,34.0,101.0,55.0,43.0,48.0,12.0,120.0,31.0,6.0,3.0,2.0,171.0,142.0,29.0,145.0
2021-08-25,26.0,108.0,49.0,48.0,31.0,5.0,144.0,28.0,8.0,3.0,5.0,143.0,156.0,28.0,129.0
2021-08-26,20.0,112.0,53.0,54.0,42.0,7.0,129.0,42.0,8.0,4.0,5.0,140.0,138.0,23.0,129.0
2021-08-27,40.0,140.0,70.0,65.0,43.0,10.0,141.0,28.0,6.0,6.0,2.0,174.0,189.0,23.0,166.0
2021-08-28,32.0,105.0,65.0,57.0,50.0,5.0,112.0,31.0,7.0,2.0,6.0,162.0,171.0,37.0,162.0
2021-08-29,31.0,108.0,62.0,52.0,35.0,5.0,116.0,30.0,5.0,0.0,2.0,154.0,156.0,33.0,122.0
2021-08-30,26.0,118.0,51.0,44.0,46.0,9.0,110.0,34.0,5.0,1.0,4.0,135.0,164.0,26.0,140.0
2021-08-31,46.0,138.0,62.0,60.0,51.0,7.0,162.0,33.0,11.0,1.0,4.0,192.0,164.0,30.0,148.0
2021-09-01,23.0,149.0,79.0,56.0,40.0,10.0,135.0,35.0,5.0,1.0,5.0,174.0,163.0,41.0,140.0
2021-09-02,37.0,116.0,78.0,60.0,41.0,6.0,131.0,29.0,6.0,0.0,3.0,207.0,138.0,38.0,167.0
2021-09-03,50.0,134.0,78.0,52.0,47.0,18.0,115.0,38.0,8.0,4.0,0.0,158.0,150.0,34.0,170.0
2021-09-04,38.0,112.0,46.0,55.0,39.0,7.0,132.0,20.0,9.0,3.0,1.0,168.0,168.0,34.0,129.0
2021-09-05,48.0,127.0,82.0,54.0,51.0,8.0,111.0,41.0,6.0,2.0,4.0,175.0,199.0,28.0,167.0
2021-09-06,39.0,188.0,84.0,81.0,80.0,12.0,148.0,43.0,5.0,3.0,7.0,218.0,240.0,52.0,234.0
2021-09-07,29.0,196.0,117.0,112.0,74.0,14.0,201.0,60.0,11.0,13.0,8.0,232.0,236.0,67.0,275.0
2021-09-08,43.0,138.0,59.0,93.0,52.0,12.0,148.0,33.0,11.0,5.0,2.0,172.0,155.0,42.0,176.0
2021-09-09,21.0,120.0,60.0,47.0,35.0,8.0,166.0,38.0,8.0,2.0,9.0,147.0,158.0,36.0,181.0
2021-09-10,23.0,133.0,77.0,93.0,58.0,6.0,170.0,34.0,10.0,3.0,4.0,173.0,177.0,33.0,178.0
2021-09-11,40.0,142.0,68.0,62.0,52.0,8.0,155.0,30.0,11.0,8.0,6.0,178.0,196.0,36.0,156.0
2021-09-12,26.0,133.0,79.0,60.0,57.0,10.0,142.0,28.0,4.0,4.0,5.0,143.0,168.0,25.0,125.0
2021-09-13,27.0,122.0,69.0,83.0,42.0,10.0,152.0,35.0,3.0,3.0,2.0,180.0,141.0,28.0,171.0
2021-09-14,24.0,157.0,76.0,64.0,53.0,7.0,182.0,39.0,4.0,4.0,3.0,196.0,169.0,38.0,142.0
2021-09-15,38.0,130.0,67.0,52.0,63.0,11.0,145.0,39.0,7.0,3.0,7.0,208.0,181.0,50.0,189.0
2021-09-16,39.0,148.0,80.0,66.0,74.0,14.0,178.0,46.0,11.0,4.0,3.0,199.0,225.0,32.0,237.0
2021-09-17,23.0,129.0,64.0,52.0,36.0,9.0,140.0,31.0,8.0,4.0,3.0,181.0,172.0,27.0,153.0
2021-09-18,26.0,144.0,68.0,47.0,62.0,13.0,128.0,30.0,12.0,3.0,4.0,154.0,225.0,34.0,185.0
2021-09-19,35.0,116.0,62.0,68.0,54.0,8.0,159.0,33.0,3.0,3.0,7.0,161.0,208.0,46.0,169.0
2021-09-20,26.0,153.0,77.0,134.0,66.0,10.0,172.0,41.0,9.0,14.0,4.0,186.0,178.0,42.0,193.0
2021-09-21,36.0,154.0,78.0,110.0,56.0,15.0,171.0,32.0,7.0,5.0,3.0,189.0,200.0,46.0,207.0
2021-09-22,33.0,111.0,53.0,80.0,44.0,13.0,155.0,26.0,10.0,8.0,3.0,177.0,150.0,32.0,150.0
2021-09-23,28.0,146.0,73.0,48.0,63.0,13.0,205.0,44.0,8.0,2.0,6.0,199.0,200.0,44.0,216.0
2021-09-24,30.0,137.0,65.0,64.0,75.0,9.0,198.0,44.0,4.0,8.0,6.0,172.0,197.0,43.0,220.0
2021-09-25,22.0,120.0,59.0,60.0,56.0,9.0,178.0,31.0,9.0,3.0,5.0,153.0,179.0,28.0,161.0
2021-09-26,27.0,161.0,78.0,60.0,56.0,9.0,197.0,37.0,7.0,5.0,3.0,204.0,174.0,20.0,165.0
2021-09-27,30.0,175.0,79.0,66.0,59.0,10.0,169.0,38.0,6.0,0.0,4.0,193.0,208.0,34.0,225.0
2021-09-28,36.0,151.0,66.0,99.0,57.0,10.0,186.0,42.0,10.0,6.0,9.0,199.0,172.0,31.0,199.0
2021-09-29,36.0,154.0,68.0,73.0,56.0,11.0,178.0,34.0,11.0,5.0,2.0,201.0,204.0,25.0,190.0
2021-09-30,31.0,161.0,75.0,81.0,61.0,12.0,229.0,38.0,16.0,2.0,3.0,248.0,214.0,45.0,170.0
2021-10-01,32.0,146.0,105.0,68.0,64.0,11.0,232.0,52.0,11.0,3.0,5.0,286.0,176.0,64.0,203.0
2021-10-02,39.0,107.0,63.0,44.0,46.0,6.0,145.0,44.0,8.0,5.0,2.0,173.0,166.0,31.0,132.0
2021-10-03,41.0,134.0,69.0,50.0,49.0,5.0,154.0,31.0,6.0,2.0,2.0,157.0,161.0,38.0,130.0
2021-10-04,40.0,129.0,76.0,59.0,51.0,7.0,188.0,43.0,4.0,3.0,4.0,207.0,209.0,38.0,148.0
2021-10-05,47.0,175.0,107.0,81.0,68.0,8.0,261.0,46.0,12.0,2.0,6.0,272.0,234.0,54.0,231.0
2021-10-06,60.0,203.0,101.0,110.0,60.0,9.0,209.0,56.0,12.0,5.0,2.0,339.0,221.0,59.0,312.0
2021-10-07,41.0,140.0,76.0,51.0,65.0,13.0,178.0,46.0,9.0,1.0,4.0,231.0,170.0,44.0,178.0
2021-10-08,62.0,201.0,90.0,55.0,70.0,14.0,231.0,51.0,16.0,3.0,4.0,240.0,283.0,63.0,251.0
2021-10-09,45.0,163.0,81.0,51.0,52.0,6.0,219.0,36.0,10.0,2.0,3.0,187.0,223.0,41.0,191.0
2021-10-10,39.0,180.0,67.0,74.0,67.0,7.0,171.0,65.0,12.0,6.0,6.0,192.0,224.0,39.0,201.0
2021-10-11,73.0,184.0,125.0,122.0,93.0,20.0,268.0,55.0,6.0,5.0,8.0,342.0,313.0,84.0,308.0
2021-10-12,84.0,231.0,94.0,123.0,96.0,18.0,248.0,59.0,11.0,10.0,7.0,288.0,261.0,64.0,246.0
2021-10-13,42.0,170.0,76.0,83.0,46.0,15.0,219.0,54.0,14.0,6.0,5.0,262.0,228.0,57.0,242.0
2021-10-14,55.0,156.0,89.0,76.0,72.0,11.0,287.0,57.0,15.0,1.0,4.0,270.0,238.0,49.0,243.0
2021-10-15,96.0,231.0,144.0,108.0,77.0,9.0,388.0,74.0,9.0,4.0,11.0,436.0,285.0,87.0,388.0
2021-10-16,91.0,192.0,95.0,87.0,64.0,11.0,220.0,51.0,12.0,6.0,3.0,329.0,279.0,53.0,262.0
2021-10-17,75.0,173.0,85.0,117.0,68.0,17.0,234.0,47.0,11.0,2.0,6.0,267.0,241.0,45.0,203.0
2021-10-18,67.0,189.0,112.0,85.0,76.0,14.0,247.0,58.0,9.0,3.0,10.0,321.0,317.0,67.0,322.0
2021-10-19,69.0,245.0,151.0,89.0,80.0,9.0,339.0,79.0,15.0,7.0,6.0,349.0,339.0,85.0,433.0
2021-10-20,92.0,206.0,133.0,123.0,76.0,21.0,244.0,58.0,14.0,10.0,7.0,293.0,272.0,101.0,482.0
2021-10-21,67.0,202.0,94.0,107.0,77.0,10.0,238.0,51.0,10.0,8.0,6.0,297.0,222.0,63.0,252.0
2021-10-22,46.0,204.0,67.0,67.0,63.0,15.0,213.0,44.0,12.0,3.0,2.0,244.0,215.0,35.0,249.0
2021-10-23,40.0,199.0,74.0,84.0,69.0,8.0,228.0,43.0,7.0,5.0,2.0,211.0,222.0,48.0,231.0
2021-10-24,52.0,174.0,51.0,45.0,64.0,13.0,151.0,34.0,11.0,7.0,2.0,166.0,187.0,42.0,177.0
2021-10-25,45.0,149.0,71.0,61.0,54.0,11.0,167.0,37.0,10.0,3.0,2.0,206.0,219.0,48.0,192.0
2021-10-26,61.0,151.0,59.0,69.0,61.0,13.0,185.0,52.0,6.0,9.0,4.0,231.0,213.0,54.0,231.0
2021-10-27,59.0,163.0,76.0,108.0,56.0,8.0,148.0,55.0,7.0,6.0,7.0,181.0,170.0,54.0,204.0
2021-10-28,36.0,123.0,73.0,66.0,42.0,5.0,125.0,33.0,9.0,3.0,3.0,153.0,164.0,39.0,152.0
2021-10-29,41.0,126.0,50.0,61.0,55.0,8.0,106.0,29.0,14.0,4.0,4.0,145.0,188.0,44.0,172.0
2021-10-30,48.0,119.0,56.0,50.0,47.0,9.0,117.0,40.0,8.0,1.0,5.0,125.0,158.0,36.0,124.0
2021-10-31,46.0,143.0,69.0,57.0,59.0,8.0,112.0,43.0,6.0,3.0,4.0,169.0,177.0,69.0,175.0
2021-11-01,42.0,154.0,68.0,53.0,47.0,12.0,126.0,30.0,8.0,4.0,6.0,157.0,191.0,55.0,179.0
2021-11-02,36.0,128.0,62.0,44.0,41.0,5.0,130.0,22.0,5.0,1.0,10.0,145.0,169.0,40.0,150.0
2021-11-03,38.0,136.0,54.0,61.0,48.0,7.0,118.0,44.0,7.0,2.0,2.0,113.0,169.0,37.0,143.0
2021-11-04,35.0,140.0,43.0,86.0,53.0,11.0,142.0,34.0,7.0,5.0,4.0,182.0,190.0,34.0,126.0
2021-11-05,32.0,120.0,64.0,61.0,45.0,11.0,161.0,39.0,17.0,3.0,3.0,169.0,169.0,33.0,130.0
2021-11-06,33.0,136.0,70.0,84.0,40.0,12.0,175.0,37.0,8.0,1.0,1.0,165.0,152.0,48.0,193.0
2021-11-07,55.0,135.0,57.0,56.0,57.0,7.0,136.0,41.0,8.0,1.0,3.0,175.0,212.0,37.0,165.0
2021-11-08,46.0,153.0,79.0,68.0,65.0,12.0,163.0,26.0,4.0,5.0,5.0,210.0,195.0,49.0,268.0
2021-11-09,48.0,141.0,64.0,67.0,55.0,9.0,112.0,46.0,5.0,3.0,4.0,154.0,180.0,42.0,236.0
2021-11-10,50.0,149.0,64.0,53.0,59.0,11.0,1337.0,51.0,9.0,3.0,8.0,124.0,203.0,47.0,207.0
2021-11-11,46.0,151.0,51.0,68.0,56.0,6.0,129.0,49.0,4.0,2.0,5.0,137.0,195.0,47.0,194.0
2021-11-12,31.0,156.0,66.0,88.0,84.0,14.0,170.0,48.0,19.0,5.0,7.0,129.0,231.0,45.0,213.0
2021-11-13,31.0,176.0,63.0,74.0,77.0,11.0,152.0,43.0,14.0,6.0,3.0,151.0,242.0,38.0,193.0
2021-11-14,37.0,172.0,77.0,63.0,70.0,10.0,143.0,38.0,8.0,7.0,5.0,154.0,226.0,52.0,183.0
2021-11-15,44.0,195.0,62.0,53.0,54.0,11.0,128.0,38.0,14.0,5.0,5.0,158.0,220.0,33.0,186.0
2021-11-16,27.0,157.0,72.0,120.0,64.0,15.0,169.0,47.0,14.0,16.0,10.0,162.0,183.0,43.0,225.0
2021-11-17,34.0,177.0,72.0,102.0,60.0,10.0,138.0,50.0,14.0,6.0,8.0,140.0,192.0,36.0,195.0
2021-11-18,47.0,124.0,69.0,97.0,47.0,12.0,147.0,42.0,6.0,7.0,3.0,165.0,150.0,37.0,174.0
2021-11-19,32.0,146.0,79.0,103.0,62.0,18.0,151.0,35.0,13.0,14.0,5.0,167.0,198.0,50.0,221.0
2021-11-20,28.0,144.0,64.0,56.0,54.0,8.0,147.0,52.0,11.0,4.0,5.0,150.0,185.0,43.0,221.0
2021-11-21,44.0,129.0,61.0,55.0,42.0,7.0,189.0,30.0,5.0,3.0,3.0,181.0,208.0,38.0,176.0
2021-11-22,53.0,174.0,85.0,110.0,55.0,18.0,214.0,65.0,16.0,4.0,10.0,225.0,234.0,41.0,214.0
2021-11-23,30.0,150.0,57.0,91.0,55.0,10.0,154.0,30.0,8.0,5.0,5.0,153.0,187.0,42.0,178.0
2021-11-24,32.0,126.0,43.0,65.0,54.0,8.0,132.0,29.0,7.0,4.0,5.0,97.0,168.0,25.0,159.0
2021-11-25,30.0,126.0,59.0,46.0,55.0,8.0,96.0,27.0,11.0,1.0,3.0,107.0,164.0,50.0,148.0
2021-11-26,25.0,125.0,60.0,106.0,47.0,14.0,135.0,39.0,7.0,5.0,4.0,100.0,149.0,34.0,172.0
2021-11-27,34.0,145.0,58.0,57.0,54.0,12.0,162.0,41.0,10.0,6.0,4.0,139.0,159.0,31.0,154.0
2021-11-28,40.0,169.0,61.0,124.0,68.0,9.0,159.0,46.0,9.0,3.0,3.0,171.0,210.0,41.0,129.0
2021-11-29,28.0,128.0,59.0,69.0,55.0,4.0,154.0,27.0,5.0,6.0,3.0,182.0,188.0,33.0,177.0
2021-11-30,29.0,116.0,71.0,70.0,55.0,5.0,122.0,27.0,9.0,8.0,4.0,147.0,186.0,35.0,180.0
2021-12-01,37.0,155.0,67.0,65.0,53.0,15.0,162.0,44.0,9.0,5.0,5.0,158.0,194.0,33.0,176.0
2021-12-02,40.0,158.0,73.0,76.0,65.0,13.0,156.0,49.0,18.0,5.0,7.0,108.0,215.0,36.0,186.0
2021-12-03,31.0,132.0,64.0,64.0,57.0,11.0,146.0,34.0,9.0,5.0,12.0,98.0,177.0,31.0,171.0
2021-12-04,43.0,182.0,79.0,192.0,74.0,23.0,141.0,48.0,8.0,23.0,8.0,138.0,198.0,47.0,316.0
2021-12-05,29.0,154.0,58.0,129.0,76.0,12.0,157.0,57.0,12.0,8.0,7.0,112.0,238.0,43.0,219.0
2021-12-06,25.0,176.0,77.0,160.0,67.0,11.0,191.0,61.0,14.0,7.0,7.0,118.0,222.0,40.0,198.0
2021-12-07,23.0,162.0,67.0,95.0,55.0,11.0,173.0,40.0,6.0,7.0,4.0,122.0,182.0,46.0,205.0
2021-12-08,31.0,157.0,64.0,65.0,65.0,13.0,168.0,32.0,10.0,9.0,10.0,93.0,190.0,31.0,223.0
2021-12-09,32.0,181.0,71.0,115.0,63.0,10.0,165.0,42.0,8.0,5.0,6.0,138.0,264.0,34.0,200.0
2021-12-10,29.0,182.0,72.0,131.0,57.0,17.0,179.0,62.0,11.0,6.0,7.0,150.0,224.0,44.0,210.0
2021-12-11,38.0,184.0,76.0,147.0,60.0,10.0,160.0,45.0,12.0,1.0,9.0,134.0,196.0,41.0,204.0
2021-12-12,28.0,152.0,70.0,89.0,51.0,11.0,155.0,43.0,15.0,5.0,4.0,103.0,202.0,33.0,213.0
2021-12-13,28.0,176.0,59.0,107.0,54.0,8.0,153.0,40.0,4.0,15.0,6.0,122.0,175.0,36.0,198.0
2021-12-14,32.0,167.0,64.0,119.0,58.0,12.0,238.0,54.0,17.0,4.0,6.0,115.0,198.0,52.0,264.0
2021-12-15,26.0,146.0,55.0,90.0,58.0,9.0,209.0,40.0,5.0,4.0,6.0,107.0,158.0,39.0,204.0
2021-12-16,40.0,183.0,78.0,81.0,79.0,12.0,177.0,43.0,18.0,6.0,7.0,106.0,278.0,35.0,215.0
2021-12-17,37.0,172.0,62.0,121.0,83.0,11.0,157.0,52.0,10.0,5.0,8.0,111.0,225.0,34.0,188.0
2021-12-18,35.0,176.0,67.0,78.0,60.0,15.0,163.0,50.0,9.0,2.0,1.0,118.0,213.0,44.0,167.0
2021-12-19,30.0,167.0,60.0,68.0,54.0,12.0,168.0,42.0,6.0,3.0,4.0,100.0,206.0,43.0,170.0
2021-12-20,41.0,185.0,81.0,127.0,67.0,8.0,162.0,46.0,9.0,3.0,6.0,119.0,189.0,42.0,187.0
2021-12-21,24.0,136.0,85.0,61.0,60.0,9.0,194.0,27.0,9.0,7.0,5.0,107.0,189.0,39.0,210.0
2021-12-22,23.0,155.0,59.0,64.0,44.0,14.0,139.0,22.0,4.0,3.0,2.0,101.0,198.0,48.0,202.0
2021-12-23,36.0,162.0,63.0,65.0,59.0,13.0,144.0,42.0,6.0,2.0,5.0,128.0,224.0,47.0,182.0
2021-12-24,29.0,128.0,65.0,70.0,71.0,7.0,126.0,30.0,4.0,3.0,3.0,82.0,158.0,43.0,149.0
2021-12-25,24.0,154.0,81.0,47.0,61.0,8.0,127.0,32.0,9.0,5.0,5.0,112.0,221.0,48.0,188.0
