Date,SENTIMENT_short_wsj,SENTIMENT_long_wsj
2019-04-01,0.01579750000000004,-0.026357916666666675
2019-04-02,0.00726250000000004,-0.024826916666666678
2019-04-03,0.08055250000000004,-0.02617991666666667
2019-04-04,0.1012291666666667,-0.024975916666666674
2019-04-05,0.0630491666666667,-0.02625591666666667
2019-04-06,0.10016916666666671,-0.02067158333333334
2019-04-07,0.13059250000000006,-0.023482916666666673
2019-04-08,0.07587583333333339,-0.02419958333333334
2019-04-09,0.032400833333333386,-0.02717108333333334
2019-04-10,-0.008332499999999948,-0.03266791666666667
2019-04-11,-0.012289999999999949,-0.028988416666666676
2019-04-12,-0.008099999999999946,-0.028617750000000008
2019-04-13,-0.021204999999999946,-0.030512
2019-04-14,-0.04753166666666662,-0.03194066666666667
2019-04-15,-0.04753166666666662,-0.033190666666666674
2019-04-16,-0.03933833333333329,-0.02937933333333334
2019-04-17,-0.12784166666666663,-0.03580183333333334
2019-04-18,-0.09048166666666661,-0.035495333333333344
2019-04-19,-0.07882666666666663,-0.04186433333333334
2019-04-20,-0.07730833333333328,-0.042192333333333346
2019-04-21,-0.10575666666666664,-0.044514000000000005
2019-04-22,-0.08985166666666664,-0.04199416666666667
2019-04-23,-0.057889166666666624,-0.04030591666666668
2019-04-24,-0.02198249999999996,-0.041653583333333334
2019-04-25,0.008682500000000041,-0.039837083333333335
2019-04-26,-0.09282083333333328,-0.04624408333333334
2019-04-27,-0.044650833333333285,-0.04787141666666668
2019-04-28,-0.07252083333333328,-0.04497766666666667
2019-04-29,-0.08524749999999995,-0.04726183333333334
2019-04-30,-0.04473583333333328,-0.04636416666666667
2019-05-01,0.013537500000000053,-0.04682716666666668
2019-05-02,-0.030857499999999947,-0.051810166666666685
2019-05-03,-0.05614999999999996,-0.04977333333333334
2019-05-04,-0.09345749999999994,-0.04793908333333334
2019-05-05,-0.12412249999999996,-0.04799475000000001
2019-05-06,-0.058152499999999954,-0.04866908333333335
2019-05-07,-0.04715499999999995,-0.050919000000000006
2019-05-08,-0.04269999999999994,-0.05151000000000001
2019-05-09,-0.04247333333333327,-0.049612666666666666
2019-05-10,-0.0538066666666666,-0.051513833333333335
2019-05-11,-0.0661966666666666,-0.05307316666666667
2019-05-12,-0.03683916666666661,-0.05303191666666668
2019-05-13,-0.03461416666666661,-0.05229191666666668
2019-05-14,-0.054491666666666605,-0.05362316666666667
2019-05-15,-0.0498191666666666,-0.05202258333333334
2019-05-16,-0.0498191666666666,-0.050965250000000004
2019-05-17,-0.0519116666666666,-0.04794875000000001
2019-05-18,-0.05636666666666661,-0.05297125000000001
2019-05-19,-0.02545666666666661,-0.05246991666666667
2019-05-20,-0.027519999999999944,-0.05036241666666667
2019-05-21,-0.027519999999999944,-0.04863708333333333
2019-05-22,-0.01018416666666661,-0.049621416666666675
2019-05-23,-0.038436666666666605,-0.05387300000000002
2019-05-24,0.05798333333333339,-0.04778750000000001
2019-05-25,-0.025099166666666617,-0.05562850000000001
2019-05-26,0.03209083333333338,-0.048591000000000016
2019-05-27,0.052185833333333376,-0.050600500000000014
2019-05-28,0.09996250000000004,-0.044836166666666684
2019-05-29,0.08284250000000005,-0.04206616666666668
2019-05-30,0.04816583333333338,-0.04627383333333334
2019-05-31,0.07084083333333338,-0.042905666666666675
2019-06-01,0.07027083333333337,-0.03670633333333334
2019-06-02,0.07558333333333336,-0.03865800000000001
2019-06-03,0.011128333333333375,-0.037109
2019-06-04,0.09725833333333338,-0.039741000000000005
2019-06-05,0.04006833333333338,-0.042538333333333345
2019-06-06,0.01983833333333338,-0.04247833333333334
2019-06-07,-0.04837833333333329,-0.04571108333333334
2019-06-08,-0.049668333333333294,-0.044438416666666675
2019-06-09,-0.014991666666666617,-0.04111841666666667
2019-06-10,-0.016591666666666616,-0.03821541666666668
2019-06-11,-0.044814999999999945,-0.036023916666666676
2019-06-12,-0.031238333333333278,-0.03527158333333334
2019-06-13,-0.060508333333333275,-0.03787008333333334
2019-06-14,-0.08162499999999995,-0.03920975000000001
2019-06-15,-0.13883499999999996,-0.04722475000000001
2019-06-16,-0.10800499999999993,-0.04616475000000001
2019-06-17,-0.10958499999999996,-0.04255875000000001
2019-06-18,-0.10373166666666662,-0.04197341666666668
2019-06-19,-0.10373166666666662,-0.04155508333333335
2019-06-20,-0.08076666666666661,-0.03593558333333334
2019-06-21,-0.06096999999999995,-0.028290916666666673
2019-06-22,-0.07268166666666662,-0.024699916666666676
2019-06-23,-0.0025716666666666167,-0.01906958333333334
2019-06-24,-0.030974999999999954,-0.023421583333333343
2019-06-25,0.057331666666666725,-0.020311916666666673
2019-06-26,0.01973916666666673,-0.024015916666666675
2019-06-27,0.015242500000000058,-0.02649558333333334
2019-06-28,-0.028505833333333275,-0.03211508333333334
2019-06-29,-0.006485833333333274,-0.02857341666666667
2019-06-30,-0.053105833333333276,-0.026205166666666675
2019-07-01,-0.06406249999999994,-0.026814666666666674
2019-07-02,-0.08431249999999994,-0.024039166666666674
2019-07-04,-0.13023499999999993,-0.02404375000000001
2019-07-05,-0.07325999999999995,-0.02634425000000001
2019-07-06,-0.11708333333333328,-0.026638916666666672
2019-07-07,-0.10036083333333327,-0.025756916666666674
2019-07-08,-0.08517749999999995,-0.03141291666666667
2019-07-09,-0.06351249999999994,-0.036217916666666676
2019-07-10,-0.09193249999999994,-0.038067916666666674
2019-07-11,-0.08045749999999995,-0.03583066666666667
2019-07-12,-0.05789749999999995,-0.033330666666666675
2019-07-13,-0.03892249999999995,-0.035986666666666674
2019-07-14,-0.04553333333333328,-0.038720000000000004
2019-07-15,-0.08507833333333328,-0.041157000000000006
2019-07-16,-0.11359499999999996,-0.04801533333333334
2019-07-17,-0.10332499999999996,-0.049148666666666674
2019-07-18,-0.11986166666666662,-0.05098666666666668
2019-07-19,-0.13391499999999995,-0.052849500000000015
2019-07-20,-0.10501166666666661,-0.047735833333333345
2019-07-21,-0.12187999999999995,-0.046789666666666674
2019-07-22,-0.17264999999999994,-0.04978566666666667
2019-07-23,-0.15891499999999997,-0.04975766666666668
2019-07-24,-0.12394416666666663,-0.046361250000000014
2019-07-25,-0.07080416666666663,-0.043484250000000016
2019-07-26,-0.03369833333333328,-0.047451333333333345
2019-07-27,-0.043331666666666616,-0.040697666666666674
2019-07-28,-0.03465499999999995,-0.04540400000000001
2019-07-29,-0.04071666666666661,-0.049038500000000006
2019-07-30,-0.07618999999999995,-0.047624000000000014
2019-07-31,-0.07373333333333328,-0.04358733333333334
2019-08-01,-0.04796333333333328,-0.04559683333333335
2019-08-02,-0.036281666666666615,-0.047596916666666676
2019-08-03,-0.12403916666666662,-0.05656691666666667
2019-08-04,-0.1868091666666666,-0.06303341666666668
2019-08-05,-0.2136683333333333,-0.059536083333333344
2019-08-06,-0.2107783333333333,-0.057310416666666676
2019-08-07,-0.20858499999999994,-0.059010416666666676
2019-08-08,-0.22794999999999996,-0.06330875000000001
2019-08-09,-0.22011499999999992,-0.06516191666666667
2019-08-10,-0.24516833333333327,-0.06945791666666666
2019-08-11,-0.2652633333333333,-0.06903741666666668
2019-08-12,-0.26832999999999996,-0.06881491666666667
2019-08-13,-0.20024999999999996,-0.06724616666666668
2019-08-14,-0.15613499999999994,-0.06623466666666668
2019-08-15,-0.08494833333333326,-0.062215666666666676
2019-08-16,-0.10320166666666661,-0.06291508333333334
2019-08-17,-0.1420466666666666,-0.06894508333333334
2019-08-18,-0.12701666666666664,-0.07176308333333334
2019-08-19,-0.10173166666666664,-0.06995441666666667
2019-08-20,-0.09318166666666663,-0.07215641666666667
2019-08-21,-0.08104166666666664,-0.07345766666666668
2019-08-22,-0.09509166666666663,-0.07486266666666667
2019-08-23,-0.10536166666666662,-0.07233316666666668
2019-08-24,-0.13517666666666664,-0.07477041666666667
2019-08-25,-0.18668166666666663,-0.07590191666666668
2019-08-26,-0.16168499999999997,-0.07389241666666668
2019-08-27,-0.12067249999999996,-0.07537566666666667
2019-08-28,-0.10840249999999996,-0.08005766666666668
2019-08-29,-0.07888249999999997,-0.07509066666666668
2019-08-30,-0.06028583333333328,-0.07543300000000001
2019-08-31,-0.06364583333333329,-0.07880383333333334
2019-09-01,-0.05266249999999996,-0.07628525000000001
2019-09-02,-0.026959999999999963,-0.08082750000000001
2019-09-03,-0.004784999999999964,-0.072739
2019-09-04,0.0036700000000000356,-0.07874400000000001
2019-09-05,-0.008464999999999966,-0.07995750000000001
2019-09-06,-0.011127499999999967,-0.08648466666666665
2019-09-07,0.05201750000000003,-0.08314016666666667
2019-09-08,-0.03260583333333329,-0.08316783333333333
2019-09-09,-0.02532249999999996,-0.08504933333333335
2019-09-10,-0.05159416666666662,-0.09099033333333333
2019-09-11,-0.06443749999999995,-0.09028733333333333
2019-09-12,-0.09686999999999994,-0.09162733333333334
2019-09-13,-0.15508499999999997,-0.09797333333333333
2019-09-14,-0.19509833333333332,-0.10226066666666667
2019-09-15,-0.2235933333333333,-0.10430066666666667
2019-09-16,-0.1700933333333333,-0.09865616666666668
2019-09-19,-0.1900283333333333,-0.09717616666666667
2019-09-20,-0.13807499999999995,-0.09547616666666668
2019-09-21,-0.13935499999999995,-0.09732566666666667
2019-09-22,-0.0828033333333333,-0.09478916666666666
2019-09-23,-0.05794583333333331,-0.09295808333333333
2019-09-24,-0.051552499999999966,-0.09073175000000001
2019-09-25,-0.005219999999999972,-0.09033283333333335
2019-09-26,0.03125333333333336,-0.08525183333333335
2019-09-27,0.03734333333333337,-0.08976583333333334
2019-09-28,-0.04822666666666663,-0.09252033333333333
2019-09-29,-0.07556333333333329,-0.09435933333333332
2019-09-30,-0.1296583333333333,-0.09806883333333333
2019-10-01,-0.1360333333333333,-0.10285233333333334
2019-10-02,-0.20162333333333332,-0.1088545
2019-10-03,-0.21697083333333333,-0.10738700000000001
2019-10-04,-0.2012341666666666,-0.11059799999999999
2019-10-05,-0.21810666666666662,-0.109046
2019-10-06,-0.2327816666666666,-0.11426316666666668
2019-10-07,-0.17642416666666666,-0.10938216666666667
2019-10-08,-0.17559916666666664,-0.11160450000000001
2019-10-09,-0.1698058333333333,-0.10848933333333333
2019-10-10,-0.1518008333333333,-0.11260033333333334
2019-10-11,-0.14671583333333332,-0.11221333333333333
2019-10-12,-0.0913108333333333,-0.11157933333333332
2019-10-13,-0.0849108333333333,-0.10744683333333334
2019-10-14,-0.1038108333333333,-0.10795558333333334
2019-10-15,-0.0620608333333333,-0.10792608333333334
2019-10-16,-0.04438249999999997,-0.10699308333333332
2019-10-17,-0.08025499999999997,-0.10737158333333335
2019-10-18,-0.022619999999999967,-0.10534875000000002
2019-10-19,-0.024516666666666635,-0.10458975000000002
2019-10-20,-0.01714166666666663,-0.10512125000000001
2019-10-21,-0.01843166666666663,-0.10601075
2019-10-22,-0.031071666666666636,-0.10889675
2019-10-23,-0.031071666666666636,-0.10666175000000001
2019-10-24,-0.017301666666666632,-0.10513241666666667
2019-10-25,-0.024491666666666634,-0.10186741666666667
2019-10-26,-0.04372499999999997,-0.10000608333333334
2019-10-27,-0.015619999999999967,-0.09860108333333334
2019-10-28,0.017635000000000033,-0.09159908333333334
2019-10-29,0.0030116666666666985,-0.09089708333333334
2019-10-30,-0.003688333333333299,-0.09498891666666667
2019-10-31,0.0403516666666667,-0.08978758333333334
2019-11-01,0.02512166666666671,-0.08911958333333335
2019-11-02,0.048956666666666704,-0.08587458333333334
2019-11-03,0.03335666666666671,-0.08940233333333335
2019-11-04,-0.0514233333333333,-0.09992933333333333
2019-11-05,-0.028793333333333292,-0.09951558333333332
2019-11-06,-0.028163333333333297,-0.09708425000000002
2019-11-07,-0.03924333333333328,-0.09205791666666668
2019-11-08,-0.03799999999999996,-0.09062541666666668
2019-11-09,-0.0031216666666666225,-0.08768208333333335
2019-11-10,-0.08619666666666662,-0.09103391666666669
2019-11-12,-0.059333333333333294,-0.09025658333333335
2019-11-13,-0.025218333333333287,-0.08476825
2019-11-14,-0.03318333333333329,-0.08031674999999999
2019-11-15,0.04770000000000004,-0.07647841666666667
2019-11-16,0.05079500000000005,-0.07306925000000002
2019-11-17,0.058135000000000034,-0.07019291666666667
2019-11-18,0.01652750000000004,-0.06954666666666667
2019-11-19,0.028650833333333375,-0.06496533333333333
2019-11-20,-0.0005391666666666267,-0.06572450000000002
2019-11-21,0.038495833333333375,-0.06266750000000001
2019-11-22,0.010662500000000042,-0.06266400000000001
2019-11-23,-0.04728749999999996,-0.06266400000000001
2019-11-24,-0.03005999999999996,-0.06329775
2019-11-25,-0.021046666666666627,-0.06296958333333333
2019-11-26,-0.036868333333333295,-0.06826125000000001
2019-11-27,-0.050201666666666624,-0.06489291666666668
2019-11-28,-0.039664166666666625,-0.05930841666666667
2019-11-29,-0.02580083333333329,-0.05484375000000001
2019-11-30,-0.02294083333333329,-0.05784541666666668
2019-12-01,-0.036277499999999956,-0.056977083333333345
2019-12-02,0.004940000000000044,-0.05406583333333334
2019-12-03,-0.013119999999999956,-0.05446683333333333
2019-12-04,0.007897500000000043,-0.05197183333333334
2019-12-05,0.0007758333333333783,-0.04937433333333334
2019-12-06,-0.016914166666666626,-0.05128450000000001
2019-12-07,-0.03552083333333329,-0.052276500000000004
2019-12-08,-0.015425833333333297,-0.04878375000000001
2019-12-09,-0.02579249999999996,-0.046582750000000006
2019-12-10,0.024909166666666704,-0.04746625000000001
2019-12-11,0.022355833333333373,-0.04871291666666667
2019-12-12,-0.05303166666666663,-0.05300441666666667
2019-12-13,-0.03497166666666664,-0.05269775
2019-12-14,-0.049651666666666636,-0.054241000000000004
2019-12-15,-0.061356666666666636,-0.055031500000000004
2019-12-16,0.021703333333333363,-0.04948116666666667
2019-12-17,-0.0044966666666666376,-0.05187966666666668
2019-12-18,-0.08453166666666664,-0.05612416666666668
2019-12-19,-0.05578833333333331,-0.05736333333333334
2019-12-20,-0.12242083333333328,-0.05644775
2019-12-21,-0.1440258333333333,-0.060583250000000005
2019-12-22,-0.057975833333333296,-0.05364258333333334
2019-12-23,-0.06138583333333329,-0.05239258333333335
2019-12-24,-0.051115833333333305,-0.049665583333333346
2019-12-25,-0.0456858333333333,-0.04409158333333334
2019-12-26,-0.12466416666666662,-0.04243775000000001
2019-12-27,-0.07201666666666662,-0.036722000000000005
2019-12-28,-0.03272666666666661,-0.0423875
2019-12-29,-0.05506999999999994,-0.04386750000000001
2019-12-30,-0.029272499999999944,-0.04556750000000001
2019-12-31,0.008222500000000054,-0.04582550000000001
2020-01-02,-0.012397499999999945,-0.046602000000000005
2020-01-03,0.017347500000000054,-0.04486325000000001
2020-01-04,-0.02225583333333328,-0.04673591666666667
2020-01-05,0.01572916666666672,-0.041996666666666675
2020-01-06,0.026810833333333384,-0.04288200000000002
2020-01-07,0.022928333333333387,-0.03816350000000001
2020-01-08,0.07992333333333339,-0.029572500000000005
2020-01-09,0.0912383333333334,-0.02718733333333334
2020-01-10,0.09763833333333338,-0.022837833333333345
2020-01-11,0.10750500000000004,-0.021471666666666677
2020-01-12,0.11276000000000005,-0.015163666666666676
2020-01-13,0.10110500000000007,-0.013055666666666674
2020-01-14,0.13922833333333337,-0.012689666666666675
2020-01-15,0.09370000000000007,-0.010816000000000008
2020-01-16,0.036263333333333383,-0.01597750000000001
2020-01-17,0.044848333333333386,-0.01603625000000001
2020-01-18,0.014433333333333385,-0.010569250000000007
2020-01-19,0.006978333333333385,-0.009508916666666674
2020-01-20,-0.034604166666666616,-0.011118166666666674
2020-01-21,-0.04447083333333328,-0.011247166666666673
2020-01-22,-0.09052583333333328,-0.015085166666666674
2020-01-23,-0.0848258333333333,-0.013047166666666674
2020-01-24,-0.07039583333333328,-0.009348166666666675
2020-01-25,-0.06285249999999995,-0.010895166666666673
2020-01-26,0.009837500000000051,-0.01055550000000001
2020-01-27,-0.020499166666666617,-0.010060666666666673
2020-01-28,-0.015702499999999953,-0.009877500000000008
2020-01-29,-0.01746999999999995,-0.008804250000000007
2020-01-30,0.03187250000000005,-0.006216750000000008
2020-01-31,0.020402500000000053,-0.0073637500000000074
2020-02-01,0.03634250000000005,-0.008343750000000006
2020-02-02,0.02020000000000005,-0.007920000000000007
2020-02-03,-0.03824999999999995,-0.011443000000000007
2020-02-04,-0.11474999999999995,-0.019921000000000008
2020-02-05,-0.08841499999999994,-0.015024500000000007
2020-02-06,-0.06591166666666662,-0.015089833333333342
2020-02-07,-0.07663833333333328,-0.01930483333333334
2020-02-08,-0.07873083333333328,-0.016978500000000007
2020-02-09,-0.035855833333333274,-0.009433500000000006
2020-02-10,-0.04260583333333327,-0.015659500000000007
2020-02-11,-0.013035833333333274,-0.012159500000000007
2020-02-12,-0.017273333333333273,-0.014543000000000007
2020-02-13,-0.02022333333333327,-0.016801000000000007
2020-02-14,0.06555666666666674,-0.008223000000000006
2020-02-15,0.020131666666666735,-0.010132000000000006
2020-02-16,0.0016316666666667348,-0.012110333333333341
2020-02-17,-0.04051833333333326,-0.01943233333333334
2020-02-18,-0.04437833333333326,-0.01761633333333334
2020-02-19,-0.10141333333333327,-0.01926266666666667
2020-02-20,-0.10542083333333326,-0.017581916666666676
2020-02-21,-0.18257083333333327,-0.024483250000000005
2020-02-22,-0.18257083333333327,-0.03027825000000001
2020-02-23,-0.16030083333333328,-0.029512750000000008
2020-02-24,-0.1556458333333333,-0.02855758333333334
2020-02-25,-0.1399791666666666,-0.02920941666666667
2020-02-26,-0.16102583333333328,-0.03402641666666668
2020-02-27,-0.12426083333333329,-0.033511166666666675
2020-02-28,-0.10131083333333328,-0.030612500000000008
2020-02-29,-0.14608083333333327,-0.03381683333333334
2020-03-01,-0.12385333333333329,-0.03381683333333334
2020-03-02,-0.10280333333333327,-0.035829833333333345
2020-03-03,-0.09853666666666659,-0.03540316666666667
2020-03-04,-0.056291666666666594,-0.032135916666666674
2020-03-05,-0.07434666666666659,-0.033887583333333346
2020-03-06,-0.05445999999999994,-0.03096858333333334
2020-03-07,-0.028309999999999936,-0.03183725000000001
2020-03-08,-0.0335316666666666,-0.03289791666666667
2020-03-09,-0.1328116666666666,-0.04131358333333334
2020-03-10,-0.0807966666666666,-0.039602416666666675
2020-03-11,-0.08291666666666661,-0.03848075000000001
2020-03-12,-0.002536666666666615,-0.036577500000000006
2020-03-13,-0.024863333333333282,-0.03657750000000001
2020-03-14,-0.053371666666666616,-0.038262833333333336
2020-03-15,-0.024556666666666612,-0.03642083333333334
2020-03-16,-0.02968666666666661,-0.03224583333333334
2020-03-17,-0.0625966666666666,-0.03454483333333334
2020-03-18,-0.010293333333333276,-0.03238466666666667
2020-03-19,0.033526666666666725,-0.03538166666666667
2020-03-20,0.011474166666666724,-0.04094591666666668
2020-03-21,0.03265750000000006,-0.03745058333333334
2020-03-22,-0.04675749999999994,-0.03595008333333334
2020-03-23,-0.000827499999999931,-0.03316308333333334
2020-03-24,0.0013458333333334007,-0.03316308333333334
2020-03-25,-0.0559791666666666,-0.03588308333333334
2020-03-26,-0.06731249999999993,-0.04114741666666667
2020-03-27,-0.02190249999999993,-0.036285416666666674
2020-03-28,-0.0922341666666666,-0.03315491666666667
2020-03-29,-0.048054166666666606,-0.03460825000000001
2020-03-30,-0.04597333333333327,-0.03330116666666667
2020-03-31,-0.09731666666666659,-0.03277966666666667
2020-04-01,-0.06837833333333326,-0.03699033333333334
2020-04-02,-0.08152833333333327,-0.03517733333333334
2020-04-03,-0.08254583333333326,-0.036306083333333336
2020-04-04,-0.08290083333333326,-0.03960458333333334
2020-04-05,-0.12694083333333325,-0.04137508333333334
2020-04-06,-0.10343083333333328,-0.03942683333333334
2020-04-07,-0.09179583333333327,-0.03906183333333334
2020-04-08,-0.11866916666666658,-0.040968166666666674
2020-04-09,-0.13696249999999993,-0.044070166666666674
2020-04-10,-0.09962499999999994,-0.04356441666666667
2020-04-11,-0.13337833333333327,-0.049088416666666676
2020-04-12,-0.16340833333333327,-0.05325291666666668
2020-04-13,-0.16239083333333326,-0.05031958333333335
2020-04-14,-0.15024083333333327,-0.05620158333333334
2020-04-15,-0.10620083333333327,-0.05467625000000001
2020-04-16,-0.11927083333333326,-0.05364675
2020-04-17,-0.10227083333333327,-0.057281250000000006
2020-04-18,-0.08127749999999995,-0.05821975000000001
2020-04-19,-0.02957999999999994,-0.05679200000000001
2020-04-20,-0.05518499999999994,-0.05983341666666667
2020-04-21,0.008611666666666731,-0.059503250000000014
2020-04-22,0.0090583333333334,-0.06245758333333334
2020-04-23,0.0212183333333334,-0.06212058333333334
2020-04-24,0.0281008333333334,-0.0627615
2020-04-25,-0.01404916666666659,-0.059707500000000004
2020-04-26,-0.036989166666666594,-0.061830500000000004
2020-04-27,-0.047036666666666595,-0.06342825000000002
2020-04-28,-0.04896666666666659,-0.06381425000000002
2020-04-29,-0.06053749999999993,-0.059385333333333346
2020-04-30,-0.03998999999999993,-0.059385333333333346
2020-05-01,-0.04608666666666659,-0.05505933333333334
2020-05-02,-0.04713333333333326,-0.05868833333333335
2020-05-03,-0.07838333333333326,-0.06291933333333334
2020-05-04,-0.06443083333333326,-0.06291933333333334
2020-05-05,-0.0012233333333332625,-0.06081358333333334
2020-05-06,0.0013433333333334047,-0.059646250000000005
2020-05-07,-0.003919166666666597,-0.062249916666666676
2020-05-08,-0.003919166666666597,-0.06245916666666667
2020-05-09,0.0005316666666667358,-0.06251941666666667
2020-05-10,0.0005316666666667358,-0.06137241666666667
2020-05-11,0.005451666666666735,-0.05814841666666668
2020-05-12,0.021361666666666734,-0.058572166666666675
2020-05-13,0.03875666666666673,-0.055218666666666666
2020-05-14,0.052416666666666736,-0.04620266666666668
2020-05-15,0.01769916666666673,-0.05020216666666667
2020-05-16,0.007665833333333397,-0.0522885
2020-05-17,0.035475833333333394,-0.05103850000000001
2020-05-18,0.044213333333333396,-0.05016475000000001
2020-05-19,0.0306558333333334,-0.05586825000000001
2020-05-20,0.0306558333333334,-0.054046250000000004
2020-05-22,-0.0004241666666666005,-0.05688725000000001
2020-05-23,-0.0004241666666666005,-0.05688725000000001
2020-05-24,0.01542750000000007,-0.051653583333333336
2020-05-25,0.0044075000000000685,-0.05231758333333334
2020-05-27,0.03612750000000007,-0.048602583333333345
2020-05-29,0.030536666666666733,-0.04939800000000001
2020-05-30,0.009916666666666737,-0.04599500000000001
2020-05-31,0.014575833333333404,-0.04426933333333334
2020-06-01,0.0214058333333334,-0.043586333333333345
2020-06-02,0.0461008333333334,-0.03889408333333335
2020-06-04,0.0454333333333334,-0.034086833333333344
2020-06-05,0.0454333333333334,-0.034086833333333344
2020-06-06,-0.039683333333333265,-0.03959183333333334
2020-06-07,-0.05363833333333327,-0.04211683333333334
2020-06-08,-0.09639333333333326,-0.044244000000000006
2020-06-09,-0.12274083333333327,-0.045569500000000006
2020-06-10,-0.09815749999999993,-0.04338466666666667
2020-06-11,-0.1230241666666666,-0.04644066666666667
2020-06-12,-0.1470666666666666,-0.04368491666666667
2020-06-13,-0.21809166666666663,-0.048317916666666676
2020-06-14,-0.21934416666666662,-0.045740916666666666
2020-06-15,-0.2511641666666666,-0.04934958333333334
2020-06-16,-0.1802041666666666,-0.05198308333333334
2020-06-17,-0.17722249999999992,-0.052404416666666676
2020-06-18,-0.18733749999999993,-0.057531750000000006
2020-06-19,-0.13325249999999994,-0.05606375000000001
2020-06-20,-0.15958249999999993,-0.05598975000000001
2020-06-21,-0.21297249999999993,-0.054456750000000005
2020-06-22,-0.19575999999999993,-0.05518125
2020-06-23,-0.18808999999999992,-0.058835250000000006
2020-06-24,-0.21000499999999994,-0.06648775000000001
2020-06-25,-0.1952049999999999,-0.06638375
2020-06-26,-0.2264499999999999,-0.06929091666666667
2020-06-27,-0.22451666666666656,-0.07240041666666668
2020-06-28,-0.1877566666666666,-0.07333875000000001
2020-06-30,-0.1812066666666666,-0.06792475
2020-07-01,-0.1812066666666666,-0.07308108333333334
2020-07-02,-0.15424166666666658,-0.07323358333333334
2020-07-03,-0.1797716666666666,-0.07430583333333333
2020-07-04,-0.1613416666666666,-0.07823516666666668
2020-07-05,-0.10940666666666661,-0.07275266666666667
2020-07-06,-0.09238666666666659,-0.07553966666666667
2020-07-07,-0.023498333333333267,-0.07177533333333334
2020-07-08,0.03396166666666674,-0.06340633333333334
2020-07-09,-0.006841666666666596,-0.06729166666666667
2020-07-10,-0.08230166666666659,-0.07396466666666666
2020-07-11,-0.08059499999999993,-0.07191716666666667
2020-07-12,-0.060776666666666604,-0.07450583333333334
2020-07-14,-0.02419333333333326,-0.07212783333333334
2020-07-15,-9.333333333326199e-05,-0.06851283333333334
2020-07-16,-0.04590583333333327,-0.07050541666666668
2020-07-17,-0.06574249999999993,-0.07396108333333334
2020-07-18,-0.03852583333333327,-0.06737333333333334
2020-07-19,-0.10764583333333326,-0.06588083333333335
2020-07-20,-0.07762499999999992,-0.062360083333333344
2020-07-21,-0.03705499999999993,-0.06732708333333334
2020-07-22,-0.033161666666666596,-0.06605375000000001
2020-07-23,-0.015084999999999927,-0.06414741666666668
2020-07-24,-0.004318333333333255,-0.058863416666666675
2020-07-25,-0.008188333333333256,-0.059369166666666674
2020-07-26,0.022024166666666747,-0.054965166666666676
2020-07-27,0.03174583333333341,-0.05444566666666667
2020-07-28,-0.052204166666666586,-0.05635466666666667
2020-07-29,-0.03799416666666658,-0.054656166666666665
2020-07-30,-0.007551666666666573,-0.05249516666666667
2020-07-31,-0.015484999999999905,-0.0569485
2020-08-01,0.005781666666666763,-0.0552485
2020-08-02,-0.0008833333333332367,-0.056108000000000005
2020-08-03,-0.02270333333333324,-0.058175750000000005
2020-08-04,-0.03970333333333324,-0.057821
2020-08-05,-0.08105833333333323,-0.06393216666666666
2020-08-06,-0.08900333333333324,-0.06425183333333334
2020-08-07,-0.047893333333333246,-0.06326583333333334
2020-08-09,-0.01624666666666657,-0.05909091666666668
2020-08-10,-0.07501666666666658,-0.058591916666666674
2020-08-11,-0.03937333333333324,-0.05718691666666667
2020-08-12,-0.04583583333333324,-0.05512841666666667
2020-08-13,-0.01894083333333324,-0.053105416666666676
2020-08-14,-0.01894083333333324,-0.05401608333333334
2020-08-15,-0.007100833333333242,-0.054532083333333335
2020-08-16,0.01613166666666675,-0.05771033333333334
2020-08-17,0.028534166666666756,-0.05668508333333334
2020-08-18,-0.05472583333333325,-0.060900083333333334
2020-08-19,-0.10092499999999993,-0.06274033333333334
2020-08-20,-0.08385999999999992,-0.06685558333333334
2020-08-21,-0.08035333333333325,-0.06535658333333334
2020-08-22,-0.1161541666666666,-0.06635191666666668
2020-08-23,-0.13638416666666658,-0.06635191666666668
2020-08-24,-0.16493916666666658,-0.07056316666666668
2020-08-25,-0.13376583333333328,-0.06796183333333335
2020-08-26,-0.14286833333333324,-0.07254233333333333
2020-08-27,-0.16015083333333327,-0.07483633333333334
2020-08-29,-0.13345083333333324,-0.07812083333333335
2020-08-30,-0.11692333333333323,-0.07967433333333335
2020-08-31,-0.12108166666666657,-0.08073366666666666
2020-09-01,-0.13863833333333325,-0.079987
2020-09-02,-0.13448999999999992,-0.0833485
2020-09-03,-0.13448999999999992,-0.08422225000000001
2020-09-04,-0.14997499999999991,-0.08862625000000002
2020-09-05,-0.17005833333333326,-0.08803325000000001
2020-09-06,-0.11567666666666658,-0.08406758333333335
2020-09-07,-0.09789666666666658,-0.08458358333333335
2020-09-08,-0.05555166666666657,-0.08521875
2020-09-09,-0.04981666666666657,-0.08509675000000001
2020-09-10,-0.012528333333333242,-0.08559925000000002
2020-09-11,-0.022798333333333237,-0.0853205
2020-09-12,0.029986666666666762,-0.0813415
2020-09-13,0.010734166666666762,-0.08460641666666667
2020-09-14,0.05477416666666677,-0.08528941666666666
2020-09-15,0.04884416666666676,-0.08775891666666666
2020-09-16,0.021687500000000092,-0.08644216666666667
2020-09-17,0.00482750000000009,-0.08864416666666668
2020-09-18,-0.02042499999999991,-0.08329291666666666
2020-09-19,-0.06909999999999991,-0.08664291666666667
2020-09-20,-0.06011499999999992,-0.08197141666666667
2020-09-21,-0.12253499999999991,-0.08529991666666667
2020-09-22,-0.1402699999999999,-0.08555275
2020-09-23,-0.06834749999999991,-0.07913875000000002
2020-09-24,-0.06705749999999991,-0.07728850000000001
2020-09-25,-0.052257499999999915,-0.0711755
2020-09-26,-0.0356049999999999,-0.06806825
2020-09-27,-0.030584999999999907,-0.06658625000000001
2020-09-28,0.02012250000000009,-0.06326025
2020-09-29,0.06493750000000009,-0.06242691666666667
2020-09-30,0.0497125000000001,-0.058266416666666675
2020-10-01,0.12240250000000011,-0.05973441666666667
2020-10-02,0.1135250000000001,-0.05824200000000001
2020-10-03,0.0427950000000001,-0.05356200000000001
2020-10-04,0.009660000000000096,-0.056746500000000005
2020-10-05,0.01880666666666677,-0.05048583333333334
2020-10-06,0.060744166666666766,-0.04099333333333334
2020-10-07,0.06369416666666677,-0.04069633333333334
2020-10-08,0.030434166666666772,-0.03757183333333334
2020-10-09,0.01808666666666677,-0.038166583333333344
2020-10-10,0.017905000000000105,-0.037700250000000005
2020-10-11,0.022198333333333438,-0.039393916666666674
2020-10-12,0.018770833333333438,-0.03824425000000001
2020-10-13,0.03425083333333344,-0.03471275000000001
2020-10-14,0.045530833333333444,-0.034216250000000004
2020-10-15,-0.008015833333333226,-0.035153250000000004
2020-10-16,-0.07510583333333322,-0.037563250000000006
2020-10-17,-0.008625833333333222,-0.03232025000000001
2020-10-18,-0.008052499999999886,-0.036027250000000004
2020-10-19,0.004295000000000115,-0.04113325
2020-10-20,-0.023393333333333217,-0.03935541666666667
2020-10-21,-0.025239999999999884,-0.03368775000000001
2020-10-22,-0.006426666666666553,-0.030827416666666677
2020-10-23,-0.0038466666666665513,-0.029019750000000007
2020-10-24,0.016718333333333446,-0.030125083333333344
2020-10-25,0.023863333333333445,-0.03275758333333334
2020-10-27,0.018970833333333444,-0.031075583333333337
2020-10-28,-0.032169166666666554,-0.028962916666666675
2020-10-29,-0.12316249999999988,-0.04449091666666667
2020-10-30,-0.12316249999999988,-0.04268491666666667
2020-10-31,-0.10208749999999989,-0.04180166666666667
2020-11-01,-0.09549916666666655,-0.039532166666666674
2020-11-02,-0.13294249999999988,-0.04080550000000001
2020-11-03,-0.13294249999999988,-0.04080550000000001
2020-11-04,-0.16036583333333324,-0.04572983333333334
2020-11-05,-0.14556583333333323,-0.04649533333333334
2020-11-06,-0.09625333333333323,-0.042903333333333335
2020-11-08,-0.09754333333333323,-0.04189183333333333
2020-11-09,-0.00712333333333322,-0.03998283333333334
2020-11-10,0.012971666666666779,-0.03758833333333334
2020-11-11,0.021005000000000114,-0.03894600000000001
2020-11-12,0.03491000000000011,-0.03449266666666667
2020-11-13,-0.005484999999999884,-0.04193216666666667
2020-11-14,-0.0054849999999998875,-0.04126566666666667
2020-11-15,0.05769333333333345,-0.03769016666666667
2020-11-16,0.09868333333333346,-0.032656666666666674
2020-11-17,0.06276333333333346,-0.028521166666666674
2020-11-18,0.06276333333333346,-0.026715166666666672
2020-11-19,0.01337333333333346,-0.033856166666666666
2020-11-21,-0.033218333333333204,-0.0392855
2020-11-22,-0.030764999999999876,-0.03452083333333334
2020-11-23,-0.05370499999999987,-0.03592583333333334
2020-11-24,0.019600000000000124,-0.035388583333333334
2020-11-25,-0.009694999999999874,-0.04034108333333334
2020-11-26,-0.06039999999999988,-0.041836083333333336
2020-11-27,-0.12084999999999987,-0.044031583333333346
2020-11-28,-0.12084999999999987,-0.042219333333333345
2020-11-29,-0.17372333333333323,-0.04694091666666668
2020-11-30,-0.12378833333333321,-0.04076241666666667
2020-12-01,-0.09696833333333323,-0.03888983333333334
2020-12-02,-0.0787083333333332,-0.03400566666666667
2020-12-03,-0.054873333333333205,-0.033377833333333336
2020-12-04,-0.05272333333333321,-0.029045500000000005
2020-12-05,0.025961666666666782,-0.024106500000000003
2020-12-06,0.01830166666666678,-0.023512000000000005
2020-12-07,0.02418666666666678,-0.028236333333333336
2020-12-08,0.07116666666666678,-0.02081583333333334
2020-12-09,0.1579300000000001,-0.015132833333333338
2020-12-10,0.2100550000000001,-0.006411833333333338
2020-12-11,0.1715516666666668,-0.010042333333333337
2020-12-12,0.1298800000000001,-0.008909500000000004
2020-12-13,0.1060450000000001,-0.008909500000000004
2020-12-14,0.0879850000000001,-0.006798000000000005
2020-12-15,0.025670000000000102,-0.008090500000000006
2020-12-16,0.0482800000000001,-0.003686500000000005
2020-12-17,0.11288000000000009,5.749999999999478e-05
2020-12-18,0.04580500000000011,-0.004667666666666672
2020-12-19,0.013205000000000106,-0.004022666666666672
2020-12-20,-0.016308333333333223,-0.0024875000000000053
2020-12-21,0.015491666666666775,-0.003511500000000005
2020-12-22,0.028416666666666777,-0.004815000000000005
2020-12-23,0.06860666666666677,0.00023099999999999456
2020-12-24,0.09244166666666678,-0.0005525000000000052
2020-12-26,0.1244566666666668,0.0032817499999999943
2020-12-27,0.12871000000000013,0.003707083333333328
2020-12-28,0.08391500000000011,0.003564583333333328
2020-12-29,0.13378666666666678,0.006542249999999995
2020-12-30,0.13763166666666676,0.009257749999999995
2020-12-31,0.1408100000000001,0.013635999999999995
2021-01-01,0.1471900000000001,0.018117499999999995
2021-01-02,0.1335300000000001,0.014549499999999995
2021-01-03,0.09334000000000012,0.021818499999999994
2021-01-04,0.1096950000000001,0.024443999999999994
2021-01-05,0.03409166666666678,0.013525666666666663
2021-01-06,0.030573333333333442,0.013470166666666662
2021-01-07,0.016410833333333437,0.010431416666666662
2021-01-08,-0.06910583333333323,0.0031921666666666613
2021-01-10,-0.07424083333333323,0.004892166666666661
2021-01-11,-0.10853083333333322,0.0007706666666666607
2021-01-12,-0.12498583333333324,-0.0008748333333333392
2021-01-13,-0.09652583333333323,-7.43333333333393e-05
2021-01-14,-0.10263583333333322,-0.0006853333333333394
2021-01-15,-0.1609758333333332,-0.0030060833333333393
2021-01-16,-0.10446249999999987,-0.0012000833333333395
2021-01-17,-0.14415083333333323,-0.0019109166666666727
2021-01-18,-0.14502666666666655,-0.005951916666666672
2021-01-19,-0.09521666666666655,-0.012403916666666672
2021-01-20,-0.12820166666666655,-0.014297416666666672
2021-01-21,-0.10324666666666656,-0.012597416666666672
2021-01-22,-0.07817499999999988,-0.010501000000000005
2021-01-23,-0.10997499999999989,-0.01286233333333334
2021-01-24,-0.13383499999999987,-0.01628866666666667
2021-01-25,-0.10636833333333322,-0.015520000000000004
2021-01-26,-0.10371833333333322,-0.014997000000000005
2021-01-27,-0.07463166666666655,-0.013927166666666673
2021-01-28,-0.06346833333333322,-0.011497166666666671
2021-01-29,-0.060738333333333214,-0.010967166666666672
2021-01-30,-0.02904333333333322,-0.016339166666666672
2021-02-01,-0.055588333333333226,-0.017351000000000005
2021-02-02,-0.05827499999999989,-0.016758000000000006
2021-02-03,-0.06510999999999989,-0.017034000000000007
2021-02-04,-0.03019249999999989,-0.016783916666666673
2021-02-05,-0.039509166666666554,-0.018828250000000005
2021-02-06,-0.04215916666666656,-0.018828250000000005
2021-02-07,-0.031002499999999888,-0.018699250000000008
2021-02-08,-0.02570249999999989,-0.016453750000000007
2021-02-09,-0.022502499999999887,-0.015114500000000006
2021-02-10,-0.03575499999999989,-0.016697750000000004
2021-02-11,-0.004996666666666561,-0.005534416666666674
2021-02-12,-0.01092666666666656,-0.005534416666666674
2021-02-13,0.07659833333333345,0.0008345833333333264
2021-02-14,0.09681083333333344,0.0024470833333333263
2021-02-15,0.07875083333333344,0.002341083333333326
2021-02-16,0.06743583333333344,0.0012095833333333262
2021-02-17,0.03218916666666678,0.0005562499999999932
2021-02-19,0.03893250000000011,0.0019960833333333267
2021-02-20,0.03893250000000011,-0.0015959166666666734
2021-02-21,0.05347500000000012,-0.0015959166666666734
2021-02-22,0.06813666666666679,0.0019915833333333265
2021-02-23,0.04706166666666679,-0.002125416666666673
2021-02-24,-0.06388499999999989,-0.007654416666666672
2021-02-25,-0.10037833333333321,-0.011081750000000007
2021-02-26,-0.0593783333333332,-0.0030482500000000076
2021-02-27,-0.08158833333333321,-0.006400750000000007
2021-02-28,-0.07095416666666654,-0.012308500000000007
2021-03-02,-0.08132083333333322,-0.016004333333333343
2021-03-03,-0.06326083333333321,-0.014198333333333342
2021-03-05,-0.054064166666666545,-0.013278666666666675
2021-03-06,-0.07075916666666655,-0.006421666666666675
2021-03-08,-0.04968416666666656,-0.0037720000000000093
2021-03-09,-0.028762499999999892,-0.007454166666666675
2021-03-10,0.0071958333333334455,-0.0049916666666666755
2021-03-11,-0.08171416666666656,-0.013179666666666675
2021-03-12,-0.07772249999999989,-0.013203500000000009
2021-03-13,-0.05439999999999989,-0.011708500000000009
2021-03-14,-0.05077666666666656,-0.008997000000000008
2021-03-15,-0.02964666666666655,-0.005078000000000008
2021-03-16,-0.05037833333333321,-0.000944166666666674
2021-03-17,-0.09296166666666654,-0.0033390000000000073
2021-03-18,-0.07517166666666654,-0.0015923333333333408
2021-03-19,-0.03201666666666654,-0.0027850000000000075
2021-03-20,-0.08848666666666655,-0.008353000000000008
2021-03-21,0.015013333333333451,-0.00640600000000001
2021-03-22,0.04454666666666678,-0.01134500000000001
2021-03-23,0.003191666666666787,-0.013219500000000009
2021-03-24,-0.015908333333333215,-0.013006500000000008
2021-03-25,-0.03846333333333322,-0.016041000000000007
2021-03-26,-0.04800333333333322,-0.021537500000000008
2021-03-27,0.00448000000000012,-0.023896500000000008
2021-03-28,0.015985000000000117,-0.017149000000000005
2021-03-29,-0.0008349999999998803,-0.015856500000000006
2021-03-30,0.017350000000000122,-0.01722250000000001
2021-03-31,-0.030842499999999884,-0.018288750000000006
2021-04-01,-0.030842499999999884,-0.016996250000000004
2021-04-02,0.010512500000000116,-0.016996250000000004
2021-04-04,0.056275833333333455,-0.018666916666666672
2021-04-05,0.05051083333333345,-0.015570416666666673
2021-04-06,0.08858583333333345,-0.013999416666666674
2021-04-07,0.059505833333333445,-0.01631508333333334
2021-04-08,0.010115833333333449,-0.017686583333333342
2021-04-09,0.018449166666666784,-0.016853250000000007
2021-04-10,0.011879166666666779,-0.022895250000000002
2021-04-11,0.031158333333333444,-0.02441708333333334
2021-04-12,0.007605000000000112,-0.02868141666666667
2021-04-13,0.007605000000000112,-0.029106750000000008
2021-04-14,-0.019058333333333222,-0.028964250000000007
2021-04-15,-0.035063333333333224,-0.032455416666666674
2021-04-16,-0.07389666666666656,-0.03515225000000001
2021-04-17,-0.07389666666666657,-0.03778575000000001
2021-04-18,-0.07267166666666655,-0.03967275000000001
2021-04-19,-0.04513499999999989,-0.03471975000000001
2021-04-20,-0.0010699999999998877,-0.03233625000000001
2021-04-21,-0.043686666666666554,-0.039755250000000006
2021-04-22,-0.020133333333333222,-0.03410391666666667
2021-04-23,0.010271666666666776,-0.03113691666666667
2021-04-24,0.0006016666666667752,-0.030545166666666672
2021-04-25,-0.032158333333333226,-0.028760666666666674
2021-04-26,-0.03427166666666656,-0.03115533333333334
2021-04-27,-0.03427166666666656,-0.030359833333333343
2021-04-28,0.007755000000000104,-0.02639866666666667
2021-04-29,-0.03944833333333324,-0.029012000000000007
2021-04-30,-0.08800083333333324,-0.030872750000000004
2021-05-01,-0.009960833333333224,-0.02465375000000001
2021-05-02,-0.014227499999999896,-0.025080416666666674
2021-05-03,-0.044632499999999894,-0.02118508333333334
2021-05-04,-0.03838583333333322,-0.019881083333333337
2021-05-05,-0.0004908333333332237,-0.019288083333333338
2021-05-06,0.07701583333333344,-0.01063358333333334
2021-05-07,0.08491583333333344,-0.01154358333333334
2021-05-08,0.06053916666666677,-0.012527250000000007
2021-05-09,0.050797500000000106,-0.012934750000000009
2021-05-10,0.0748850000000001,-0.010000750000000008
2021-05-11,-0.018544999999999902,-0.015871416666666673
2021-05-12,-0.017701666666666567,-0.016478750000000007
2021-05-13,0.023408333333333434,-0.01138108333333334
2021-05-14,0.03572666666666676,-0.00996158333333334
2021-05-15,0.07787666666666676,-0.005426583333333341
2021-05-16,0.03443166666666676,-0.0042860833333333405
2021-05-17,-0.005313333333333237,-0.00651608333333334
2021-05-18,-0.04227333333333323,-0.01092708333333334
2021-05-19,-0.009158333333333235,-0.0073395833333333394
2021-05-20,-0.008528333333333233,-0.00783433333333334
2021-05-21,0.033428333333333435,-0.008577666666666673
2021-05-22,0.05622666666666677,-0.0066401666666666736
2021-05-23,0.0003166666666667678,-0.008249166666666674
2021-05-24,-0.0026483333333332327,-0.007656166666666674
2021-05-25,-0.04479833333333323,-0.007656166666666674
2021-05-26,-0.054913333333333224,-0.006201916666666673
2021-05-27,-0.02306833333333323,-0.008323250000000006
2021-05-28,-0.012758333333333233,-0.011110250000000006
2021-05-29,-0.024798333333333235,-0.017479250000000005
2021-05-30,-0.009333333333333235,-0.018448750000000007
2021-05-31,-0.015559999999999902,-0.018008750000000007
2021-06-01,-0.034934999999999904,-0.016877250000000007
2021-06-02,0.014235000000000091,-0.01004458333333334
2021-06-03,0.0504550000000001,-0.006503916666666675
2021-06-04,0.03345500000000009,-0.008203916666666674
2021-06-05,0.03345500000000009,-0.008203916666666674
2021-06-06,0.07933500000000009,-0.007203416666666674
2021-06-07,0.11268500000000008,-0.004547916666666676
2021-06-08,0.12631166666666677,0.001540416666666658
2021-06-09,0.08925000000000008,0.0005140833333333247
2021-06-10,0.10291000000000008,-0.0017799166666666753
2021-06-11,0.10291000000000008,0.0015725833333333247
2021-06-12,0.06854000000000009,0.0039048333333333253
2021-06-13,0.04545333333333342,0.0061734999999999915
2021-06-14,0.08754666666666676,0.006876833333333325
2021-06-15,0.08754666666666676,0.005957166666666659
2021-06-16,0.04166666666666676,0.004039166666666659
2021-06-17,0.04277333333333343,0.004697833333333326
2021-06-18,0.029146666666666765,0.007331333333333325
2021-06-19,0.06354333333333342,0.006148833333333326
2021-06-20,0.07131833333333343,0.013523333333333325
2021-06-21,0.11719833333333343,0.021064666666666662
2021-06-22,0.12599583333333342,0.021944416666666657
2021-06-23,0.0790625000000001,0.01915741666666666
2021-06-24,0.07202916666666676,0.01704441666666666
2021-06-25,0.043714166666666755,0.015366416666666658
2021-06-26,0.05900750000000009,0.019236083333333324
2021-06-27,0.05242083333333343,0.017457083333333324
2021-06-28,0.025100833333333426,0.013043083333333323
2021-06-29,0.018124166666666754,0.016809916666666657
2021-06-30,-0.005568333333333247,0.011465166666666658
