Date,FOMO,Uncertain,Hopeful,Bearish,Pessimistic/Doubtful,Sad,Fearful/Concerned,Angry,Mistrustful,Panicking,Annoyed/Frustrated,Bullish,Optimistic,Happy,Euphoric/Excited,scores
2018-04-03,26.0,155.0,45.0,171.0,29.0,8.0,30.0,15.0,2.0,1.0,2.0,306.0,121.0,26.0,111.0,-0.4588
2018-04-04,15.0,156.0,37.0,175.0,25.0,4.0,33.0,22.0,1.0,1.0,1.0,265.0,117.0,23.0,97.0,0.0
2018-04-05,20.0,123.0,44.0,179.0,29.0,7.0,25.0,20.0,4.0,4.0,1.0,252.0,117.0,22.0,98.0,-0.3096333333333333
2018-04-06,18.0,142.0,28.0,175.0,23.0,9.0,29.0,10.0,3.0,0.0,3.0,219.0,103.0,18.0,108.0,-0.007550000000000001
2018-04-07,22.0,122.0,42.0,120.0,10.0,3.0,21.0,13.0,3.0,2.0,1.0,208.0,111.0,14.0,97.0,-0.401
2018-04-08,16.0,122.0,41.0,90.0,34.0,4.0,19.0,24.0,1.0,3.0,1.0,213.0,98.0,24.0,95.0,-0.296
2018-04-09,19.0,156.0,35.0,152.0,26.0,8.0,31.0,19.0,5.0,6.0,3.0,302.0,102.0,26.0,95.0,0.15333333333333335
2018-04-10,35.0,134.0,38.0,153.0,32.0,6.0,35.0,6.0,4.0,5.0,3.0,219.0,111.0,28.0,100.0,0.20095
2018-04-11,19.0,129.0,31.0,119.0,18.0,6.0,34.0,12.0,4.0,1.0,3.0,253.0,115.0,23.0,82.0,-0.08223333333333332
2018-04-12,61.0,202.0,57.0,176.0,30.0,12.0,47.0,41.0,6.0,7.0,4.0,455.0,130.0,27.0,184.0,0.21273333333333333
2018-04-13,33.0,133.0,55.0,156.0,25.0,4.0,32.0,20.0,8.0,2.0,3.0,338.0,103.0,29.0,126.0,0.0
2018-04-14,18.0,79.0,23.0,75.0,19.0,4.0,22.0,15.0,2.0,2.0,0.0,187.0,86.0,12.0,65.0,-0.3151
2018-04-15,13.0,101.0,33.0,101.0,30.0,0.0,20.0,14.0,3.0,4.0,0.0,218.0,132.0,24.0,90.0,-0.24445
2018-04-17,16.0,120.0,35.0,125.0,14.0,7.0,28.0,14.0,5.0,2.0,3.0,223.0,114.0,13.0,104.0,0.12040000000000001
2018-04-18,11.0,115.0,33.0,97.0,14.0,6.0,15.0,13.0,2.0,0.0,3.0,243.0,101.0,20.0,95.0,0.24
2018-04-19,17.0,149.0,22.0,107.0,12.0,2.0,19.0,11.0,2.0,2.0,2.0,258.0,124.0,12.0,106.0,0.4019
2018-04-20,37.0,176.0,50.0,155.0,14.0,6.0,15.0,16.0,2.0,2.0,4.0,368.0,127.0,29.0,140.0,-0.3404
2018-04-21,28.0,107.0,41.0,108.0,20.0,3.0,12.0,14.0,4.0,2.0,3.0,239.0,96.0,28.0,95.0,0.125
2018-04-22,18.0,123.0,34.0,79.0,22.0,6.0,14.0,15.0,2.0,4.0,0.0,227.0,94.0,14.0,101.0,-0.26753333333333335
2018-04-23,18.0,143.0,44.0,82.0,27.0,6.0,15.0,13.0,2.0,1.0,1.0,307.0,132.0,15.0,111.0,-0.11333333333333334
2018-04-24,42.0,210.0,55.0,132.0,24.0,8.0,34.0,23.0,2.0,1.0,4.0,447.0,185.0,40.0,175.0,-0.7184
2018-04-25,25.0,157.0,57.0,143.0,24.0,8.0,25.0,23.0,1.0,11.0,9.0,318.0,139.0,33.0,133.0,0.294775
2018-04-26,18.0,141.0,42.0,115.0,24.0,2.0,25.0,17.0,2.0,5.0,2.0,266.0,129.0,25.0,103.0,0.05265
2018-04-27,23.0,136.0,28.0,70.0,22.0,6.0,24.0,18.0,3.0,5.0,3.0,228.0,131.0,22.0,98.0,0.06863333333333332
2018-04-28,22.0,124.0,14.0,65.0,19.0,1.0,27.0,13.0,9.0,2.0,0.0,195.0,113.0,18.0,95.0,0.4357
2018-04-29,18.0,105.0,35.0,65.0,11.0,5.0,15.0,9.0,4.0,0.0,0.0,180.0,92.0,17.0,71.0,-0.2787
2018-05-01,13.0,120.0,36.0,113.0,18.0,2.0,15.0,21.0,12.0,6.0,1.0,248.0,109.0,19.0,92.0,0.17
2018-05-02,22.0,135.0,48.0,89.0,26.0,3.0,33.0,18.0,1.0,2.0,5.0,273.0,173.0,32.0,124.0,-0.2263
2018-05-03,35.0,142.0,50.0,85.0,23.0,7.0,31.0,17.0,4.0,1.0,3.0,361.0,136.0,18.0,132.0,-0.02009999999999999
2018-05-04,20.0,128.0,48.0,74.0,22.0,5.0,21.0,12.0,6.0,3.0,2.0,263.0,140.0,23.0,104.0,-0.010233333333333353
2018-05-05,27.0,106.0,32.0,79.0,18.0,5.0,22.0,23.0,2.0,0.0,1.0,257.0,110.0,24.0,98.0,-0.1366
2018-05-06,26.0,111.0,32.0,102.0,28.0,6.0,20.0,12.0,2.0,3.0,3.0,172.0,110.0,22.0,85.0,-0.20095
2018-05-07,17.0,154.0,43.0,138.0,21.0,3.0,23.0,9.0,4.0,3.0,2.0,228.0,134.0,31.0,112.0,-0.0184
2018-05-08,31.0,131.0,38.0,143.0,14.0,6.0,22.0,14.0,2.0,0.0,2.0,210.0,162.0,18.0,92.0,-0.12726666666666667
2018-05-09,16.0,138.0,46.0,112.0,20.0,3.0,23.0,15.0,4.0,1.0,1.0,243.0,118.0,21.0,92.0,-0.3854
2018-05-10,19.0,114.0,32.0,109.0,17.0,6.0,19.0,8.0,2.0,3.0,2.0,196.0,114.0,16.0,120.0,0.08895
2018-05-11,29.0,149.0,37.0,186.0,24.0,4.0,33.0,23.0,3.0,7.0,4.0,255.0,112.0,28.0,104.0,-0.1531
2018-05-12,22.0,126.0,42.0,124.0,11.0,7.0,21.0,19.0,1.0,2.0,0.0,261.0,108.0,13.0,94.0,-0.13596666666666668
2018-05-13,17.0,91.0,30.0,85.0,20.0,5.0,15.0,10.0,2.0,2.0,1.0,149.0,104.0,21.0,78.0,0.07525
2018-05-14,16.0,123.0,44.0,136.0,19.0,5.0,16.0,14.0,4.0,3.0,1.0,223.0,106.0,29.0,107.0,-0.7003
2018-05-15,18.0,116.0,28.0,105.0,18.0,1.0,25.0,14.0,5.0,2.0,0.0,207.0,131.0,13.0,98.0,0.1591
2018-05-16,19.0,136.0,55.0,146.0,13.0,6.0,24.0,23.0,3.0,3.0,3.0,235.0,152.0,16.0,103.0,0.296
2018-05-17,16.0,109.0,66.0,144.0,25.0,2.0,26.0,11.0,2.0,2.0,1.0,197.0,149.0,14.0,96.0,0.10115
2018-05-18,16.0,115.0,40.0,137.0,19.0,2.0,28.0,16.0,4.0,3.0,2.0,197.0,137.0,20.0,99.0,0.0
2018-05-19,11.0,82.0,27.0,74.0,17.0,4.0,17.0,11.0,1.0,0.0,2.0,129.0,92.0,14.0,78.0,-0.03619999999999999
2018-05-20,12.0,81.0,30.0,63.0,11.0,3.0,28.0,14.0,2.0,1.0,2.0,165.0,88.0,12.0,75.0,0.0
2018-05-21,17.0,78.0,30.0,94.0,11.0,2.0,18.0,7.0,1.0,0.0,0.0,200.0,104.0,14.0,101.0,-0.00645
2018-05-22,21.0,121.0,44.0,144.0,25.0,2.0,21.0,15.0,3.0,6.0,3.0,232.0,143.0,130.0,117.0,-0.17800000000000002
2018-05-23,18.0,171.0,61.0,235.0,24.0,6.0,28.0,25.0,5.0,8.0,5.0,268.0,119.0,42.0,117.0,-0.123675
2018-05-24,16.0,147.0,47.0,170.0,18.0,7.0,30.0,14.0,3.0,6.0,0.0,273.0,115.0,21.0,104.0,-0.43394999999999995
2018-05-25,13.0,116.0,25.0,117.0,11.0,2.0,8.0,13.0,4.0,1.0,0.0,184.0,95.0,12.0,87.0,-0.15284999999999999
2018-05-26,11.0,95.0,33.0,122.0,13.0,3.0,21.0,7.0,4.0,3.0,0.0,167.0,81.0,17.0,71.0,-0.10196666666666666
2018-05-27,16.0,127.0,35.0,120.0,16.0,3.0,19.0,11.0,3.0,2.0,4.0,186.0,93.0,18.0,89.0,-0.3366
2018-05-28,14.0,139.0,40.0,155.0,24.0,6.0,17.0,12.0,3.0,7.0,0.0,216.0,124.0,31.0,80.0,0.0
2018-05-30,12.0,134.0,30.0,133.0,12.0,2.0,31.0,14.0,3.0,0.0,0.0,237.0,99.0,15.0,73.0,0.0
2018-05-31,14.0,104.0,53.0,115.0,18.0,2.0,31.0,8.0,1.0,5.0,2.0,235.0,115.0,9.0,102.0,-0.4404
2018-06-02,13.0,127.0,36.0,89.0,31.0,10.0,18.0,17.0,3.0,1.0,5.0,189.0,108.0,13.0,77.0,-0.03423333333333333
2018-06-03,20.0,99.0,30.0,83.0,18.0,4.0,14.0,15.0,4.0,7.0,3.0,169.0,96.0,15.0,75.0,0.0
2018-06-05,16.0,145.0,48.0,137.0,26.0,2.0,20.0,14.0,4.0,0.0,1.0,255.0,129.0,16.0,104.0,0.2294
2018-06-06,17.0,132.0,33.0,97.0,31.0,4.0,25.0,8.0,7.0,0.0,1.0,218.0,128.0,22.0,99.0,-0.2027
2018-06-08,12.0,111.0,27.0,80.0,19.0,8.0,23.0,9.0,9.0,3.0,1.0,200.0,125.0,17.0,81.0,0.16463333333333333
2018-06-09,17.0,96.0,28.0,69.0,14.0,4.0,20.0,11.0,3.0,0.0,2.0,173.0,113.0,17.0,81.0,-0.21697499999999997
2018-06-10,24.0,190.0,55.0,192.0,28.0,5.0,41.0,33.0,5.0,16.0,7.0,275.0,106.0,25.0,111.0,0.128
2018-06-11,19.0,172.0,42.0,216.0,41.0,3.0,42.0,24.0,2.0,24.0,5.0,255.0,103.0,29.0,98.0,0.24695
2018-06-12,24.0,160.0,33.0,209.0,26.0,8.0,27.0,18.0,2.0,12.0,2.0,239.0,113.0,19.0,94.0,-0.142975
2018-06-13,22.0,219.0,46.0,284.0,25.0,10.0,31.0,35.0,7.0,12.0,3.0,350.0,147.0,33.0,116.0,-0.33525
2018-06-14,28.0,190.0,53.0,173.0,40.0,9.0,31.0,18.0,3.0,4.0,4.0,325.0,117.0,27.0,121.0,0.0
2018-06-15,14.0,152.0,36.0,138.0,12.0,4.0,18.0,29.0,4.0,3.0,3.0,239.0,101.0,21.0,85.0,0.0
2018-06-16,18.0,94.0,32.0,96.0,18.0,9.0,18.0,13.0,0.0,1.0,3.0,145.0,79.0,13.0,52.0,0.46655
2018-06-18,18.0,123.0,39.0,157.0,30.0,3.0,24.0,15.0,2.0,1.0,6.0,248.0,112.0,24.0,88.0,0.2083
2018-06-19,15.0,136.0,34.0,123.0,22.0,6.0,18.0,17.0,2.0,3.0,1.0,269.0,134.0,25.0,92.0,-0.27115
2018-06-20,32.0,115.0,35.0,109.0,23.0,3.0,31.0,11.0,4.0,13.0,3.0,196.0,101.0,23.0,80.0,0.023400000000000015
2018-06-21,16.0,104.0,21.0,114.0,26.0,2.0,29.0,17.0,4.0,1.0,2.0,187.0,126.0,21.0,80.0,-0.1094
2018-06-22,24.0,194.0,64.0,255.0,32.0,3.0,29.0,17.0,11.0,16.0,4.0,313.0,122.0,25.0,141.0,-0.023424999999999994
2018-06-23,18.0,138.0,45.0,149.0,24.0,4.0,21.0,16.0,2.0,4.0,1.0,215.0,95.0,18.0,85.0,0.28595
2018-06-25,18.0,143.0,35.0,138.0,46.0,6.0,20.0,17.0,4.0,5.0,3.0,213.0,112.0,14.0,99.0,0.2787
2018-06-26,16.0,124.0,33.0,144.0,19.0,3.0,20.0,14.0,3.0,6.0,2.0,215.0,110.0,14.0,82.0,0.4082
2018-06-27,19.0,118.0,28.0,159.0,20.0,8.0,27.0,12.0,4.0,2.0,2.0,203.0,121.0,18.0,94.0,0.0193
2018-06-28,10.0,130.0,37.0,139.0,23.0,5.0,19.0,16.0,3.0,4.0,3.0,220.0,114.0,31.0,88.0,0.04684999999999999
2018-06-29,15.0,140.0,45.0,174.0,23.0,4.0,30.0,15.0,5.0,3.0,0.0,240.0,123.0,22.0,111.0,0.34425000000000006
2018-06-30,26.0,105.0,32.0,113.0,15.0,6.0,11.0,16.0,1.0,1.0,6.0,221.0,93.0,18.0,88.0,-0.45485
2018-07-01,15.0,93.0,28.0,76.0,24.0,5.0,19.0,11.0,2.0,1.0,1.0,155.0,88.0,26.0,81.0,-0.240375
2018-07-02,27.0,146.0,54.0,140.0,17.0,5.0,23.0,18.0,1.0,5.0,4.0,317.0,108.0,21.0,98.0,-0.35675
2018-07-03,24.0,129.0,41.0,137.0,26.0,1.0,11.0,13.0,3.0,5.0,0.0,260.0,91.0,22.0,96.0,0.17
2018-07-04,19.0,121.0,29.0,111.0,10.0,2.0,18.0,13.0,2.0,1.0,1.0,226.0,94.0,33.0,81.0,-0.08050000000000003
2018-07-05,5.0,103.0,16.0,127.0,22.0,3.0,16.0,19.0,3.0,1.0,0.0,199.0,82.0,17.0,61.0,-0.16463333333333333
2018-07-06,16.0,102.0,25.0,110.0,9.0,3.0,18.0,10.0,1.0,2.0,2.0,224.0,100.0,13.0,70.0,-0.5423
2018-07-07,12.0,106.0,39.0,97.0,16.0,4.0,9.0,12.0,2.0,2.0,2.0,164.0,103.0,15.0,60.0,-0.8442
2018-07-08,23.0,110.0,31.0,92.0,15.0,1.0,16.0,19.0,3.0,0.0,4.0,199.0,91.0,16.0,73.0,0.14049999999999999
2018-07-09,19.0,116.0,30.0,125.0,15.0,3.0,24.0,19.0,7.0,0.0,3.0,207.0,118.0,19.0,108.0,-0.2553
2018-07-10,14.0,128.0,33.0,217.0,20.0,10.0,27.0,17.0,1.0,6.0,1.0,243.0,107.0,23.0,80.0,0.0
2018-07-11,24.0,114.0,35.0,100.0,19.0,7.0,16.0,23.0,2.0,0.0,3.0,192.0,108.0,16.0,72.0,0.2023
2018-07-12,12.0,149.0,27.0,184.0,23.0,2.0,14.0,13.0,2.0,3.0,3.0,215.0,91.0,13.0,81.0,0.09866666666666667
2018-07-13,19.0,121.0,35.0,112.0,23.0,4.0,32.0,10.0,1.0,1.0,2.0,236.0,101.0,27.0,98.0,0.10115
2018-07-14,14.0,83.0,26.0,66.0,13.0,4.0,13.0,15.0,1.0,1.0,3.0,116.0,81.0,17.0,56.0,0.0
2018-07-15,15.0,98.0,22.0,76.0,10.0,6.0,15.0,5.0,4.0,0.0,1.0,157.0,72.0,11.0,58.0,-0.32706666666666667
2018-07-16,29.0,144.0,31.0,106.0,23.0,3.0,17.0,16.0,0.0,4.0,2.0,307.0,136.0,15.0,111.0,0.0
2018-07-17,46.0,176.0,59.0,150.0,26.0,8.0,25.0,38.0,0.0,1.0,5.0,420.0,142.0,32.0,190.0,-0.31205
2018-07-18,36.0,165.0,41.0,131.0,25.0,5.0,20.0,11.0,5.0,3.0,4.0,381.0,144.0,19.0,134.0,-0.24695
2018-07-19,22.0,125.0,48.0,102.0,31.0,3.0,31.0,17.0,4.0,2.0,2.0,250.0,125.0,16.0,109.0,-0.04209999999999999
2018-07-20,27.0,141.0,53.0,143.0,20.0,2.0,20.0,19.0,1.0,6.0,5.0,280.0,107.0,20.0,73.0,0.0978
2018-07-21,14.0,97.0,22.0,85.0,15.0,2.0,12.0,8.0,2.0,1.0,2.0,160.0,94.0,10.0,68.0,-0.12536666666666665
2018-07-22,15.0,102.0,26.0,85.0,19.0,2.0,9.0,7.0,6.0,1.0,1.0,185.0,89.0,16.0,59.0,0.1858
2018-07-23,23.0,138.0,36.0,146.0,16.0,2.0,15.0,16.0,4.0,2.0,8.0,374.0,105.0,23.0,120.0,0.1806
2018-07-24,59.0,208.0,51.0,173.0,31.0,8.0,23.0,24.0,1.0,5.0,2.0,494.0,144.0,39.0,180.0,-0.07543333333333334
2018-07-25,26.0,161.0,41.0,102.0,19.0,2.0,16.0,14.0,5.0,0.0,1.0,322.0,121.0,16.0,109.0,0.20473333333333332
2018-07-26,19.0,139.0,43.0,75.0,16.0,5.0,28.0,10.0,0.0,5.0,4.0,246.0,129.0,26.0,115.0,0.0
2018-07-27,25.0,155.0,43.0,98.0,15.0,5.0,18.0,18.0,3.0,2.0,5.0,299.0,103.0,16.0,96.0,0.06626666666666668
2018-07-28,16.0,90.0,31.0,61.0,16.0,7.0,17.0,17.0,0.0,1.0,1.0,195.0,103.0,18.0,63.0,0.22465
2018-07-29,16.0,93.0,37.0,66.0,15.0,2.0,11.0,7.0,2.0,2.0,2.0,198.0,90.0,20.0,63.0,0.0
2018-07-31,15.0,149.0,58.0,145.0,23.0,1.0,27.0,9.0,3.0,4.0,3.0,287.0,114.0,28.0,80.0,-0.11315
2018-08-01,13.0,144.0,44.0,140.0,22.0,6.0,18.0,10.0,3.0,2.0,2.0,244.0,115.0,40.0,87.0,-0.08275
2018-08-02,17.0,112.0,33.0,116.0,17.0,2.0,24.0,12.0,2.0,2.0,2.0,210.0,105.0,17.0,89.0,0.26542499999999997
2018-08-03,16.0,142.0,61.0,130.0,33.0,9.0,26.0,27.0,5.0,0.0,4.0,288.0,139.0,24.0,159.0,-0.48895
2018-08-04,15.0,106.0,43.0,142.0,15.0,4.0,25.0,18.0,2.0,4.0,3.0,200.0,102.0,24.0,119.0,-0.1027
2018-08-05,9.0,126.0,33.0,95.0,19.0,8.0,20.0,15.0,0.0,2.0,5.0,189.0,91.0,16.0,80.0,-0.025733333333333334
2018-08-06,20.0,136.0,26.0,107.0,28.0,2.0,18.0,8.0,2.0,1.0,1.0,179.0,99.0,23.0,99.0,0.0
2018-08-07,26.0,145.0,38.0,112.0,14.0,2.0,34.0,13.0,1.0,2.0,0.0,266.0,111.0,23.0,83.0,0.0
2018-08-08,19.0,190.0,62.0,207.0,22.0,7.0,37.0,41.0,6.0,11.0,4.0,261.0,126.0,29.0,120.0,0.1027
2018-08-10,16.0,170.0,46.0,138.0,32.0,2.0,30.0,13.0,4.0,1.0,3.0,220.0,111.0,13.0,81.0,0.28076666666666666
2018-08-11,17.0,151.0,43.0,153.0,25.0,3.0,26.0,20.0,3.0,6.0,3.0,217.0,131.0,25.0,96.0,0.0
2018-08-12,17.0,127.0,32.0,117.0,27.0,4.0,16.0,20.0,6.0,2.0,4.0,174.0,120.0,18.0,80.0,0.0
2018-08-13,23.0,142.0,35.0,165.0,33.0,6.0,33.0,9.0,3.0,8.0,4.0,240.0,112.0,28.0,87.0,-0.21075
2018-08-14,25.0,217.0,51.0,238.0,38.0,6.0,39.0,26.0,3.0,10.0,8.0,292.0,175.0,25.0,138.0,0.2553
2018-08-15,21.0,224.0,46.0,178.0,34.0,7.0,23.0,23.0,2.0,2.0,3.0,317.0,145.0,20.0,110.0,0.0
2018-08-16,15.0,134.0,36.0,133.0,34.0,5.0,19.0,14.0,1.0,2.0,1.0,235.0,91.0,24.0,86.0,0.1806
2018-08-17,29.0,111.0,42.0,106.0,23.0,6.0,32.0,8.0,2.0,3.0,3.0,258.0,112.0,20.0,90.0,-0.22114999999999999
2018-08-18,24.0,115.0,36.0,111.0,24.0,1.0,21.0,13.0,0.0,1.0,3.0,184.0,107.0,11.0,65.0,0.0
2018-08-19,17.0,104.0,35.0,102.0,26.0,5.0,20.0,8.0,2.0,0.0,3.0,182.0,81.0,21.0,78.0,-0.009199999999999986
2018-08-20,14.0,115.0,32.0,141.0,18.0,8.0,21.0,14.0,7.0,0.0,5.0,235.0,102.0,18.0,90.0,0.16463333333333333
2018-08-21,9.0,150.0,35.0,136.0,30.0,2.0,24.0,13.0,2.0,1.0,2.0,209.0,157.0,22.0,101.0,-0.046566666666666666
2018-08-22,24.0,191.0,50.0,137.0,22.0,5.0,21.0,23.0,6.0,4.0,1.0,277.0,96.0,21.0,133.0,-0.0386
2018-08-23,16.0,145.0,50.0,104.0,28.0,3.0,17.0,15.0,3.0,6.0,2.0,218.0,101.0,22.0,94.0,-0.21075
2018-08-24,18.0,135.0,44.0,96.0,16.0,2.0,16.0,15.0,5.0,2.0,3.0,220.0,117.0,23.0,90.0,-0.1366
2018-08-25,15.0,115.0,31.0,99.0,16.0,3.0,16.0,7.0,0.0,1.0,3.0,216.0,88.0,17.0,94.0,-0.1858
2018-08-26,19.0,126.0,26.0,96.0,20.0,3.0,16.0,17.0,4.0,0.0,0.0,211.0,88.0,16.0,80.0,-0.10115
2018-08-27,26.0,144.0,42.0,117.0,27.0,2.0,34.0,15.0,6.0,0.0,3.0,293.0,97.0,17.0,90.0,0.125
2018-08-28,34.0,156.0,38.0,111.0,20.0,8.0,24.0,20.0,1.0,1.0,1.0,360.0,114.0,31.0,109.0,0.7964
2018-08-29,14.0,154.0,29.0,111.0,14.0,5.0,17.0,9.0,1.0,3.0,0.0,309.0,117.0,24.0,79.0,-0.18824999999999997
2018-08-30,14.0,145.0,47.0,154.0,25.0,5.0,23.0,18.0,6.0,0.0,1.0,274.0,93.0,23.0,103.0,0.28595
2018-08-31,15.0,143.0,50.0,94.0,19.0,8.0,18.0,20.0,6.0,1.0,2.0,263.0,107.0,18.0,100.0,-0.09866666666666667
2018-09-01,25.0,135.0,38.0,101.0,24.0,2.0,20.0,16.0,6.0,0.0,4.0,278.0,105.0,19.0,84.0,-0.35877499999999996
2018-09-02,26.0,126.0,29.0,123.0,28.0,5.0,18.0,17.0,4.0,3.0,2.0,284.0,103.0,24.0,105.0,-0.13396666666666665
2018-09-03,19.0,145.0,29.0,102.0,19.0,0.0,15.0,6.0,1.0,0.0,1.0,305.0,125.0,16.0,89.0,-0.296
2018-09-04,28.0,135.0,40.0,110.0,23.0,6.0,24.0,17.0,1.0,0.0,2.0,307.0,97.0,25.0,81.0,-0.064
2018-09-05,23.0,204.0,44.0,231.0,24.0,8.0,19.0,23.0,6.0,4.0,5.0,345.0,131.0,25.0,100.0,0.34
2018-09-06,18.0,169.0,44.0,213.0,36.0,8.0,38.0,40.0,7.0,6.0,6.0,290.0,128.0,30.0,109.0,0.2202
2018-09-07,9.0,120.0,34.0,146.0,29.0,0.0,23.0,16.0,3.0,1.0,2.0,184.0,79.0,13.0,70.0,0.09620000000000004
2018-09-09,10.0,118.0,35.0,149.0,12.0,5.0,13.0,18.0,4.0,1.0,3.0,194.0,94.0,14.0,74.0,0.0
2018-09-10,11.0,130.0,35.0,129.0,22.0,2.0,24.0,12.0,1.0,1.0,2.0,186.0,111.0,15.0,83.0,0.6124
2018-09-11,16.0,134.0,34.0,147.0,21.0,5.0,26.0,17.0,3.0,3.0,8.0,200.0,127.0,15.0,82.0,-0.6908
2018-09-12,14.0,151.0,31.0,160.0,35.0,9.0,21.0,12.0,3.0,5.0,3.0,195.0,136.0,27.0,89.0,-0.37645
2018-09-13,17.0,136.0,47.0,134.0,25.0,5.0,25.0,26.0,4.0,1.0,5.0,271.0,123.0,24.0,80.0,0.1779
2018-09-14,10.0,124.0,38.0,122.0,24.0,7.0,16.0,7.0,1.0,1.0,5.0,214.0,109.0,26.0,69.0,0.17
2018-09-15,13.0,115.0,35.0,95.0,21.0,3.0,15.0,9.0,6.0,1.0,3.0,150.0,119.0,16.0,60.0,0.063325
2018-09-16,22.0,106.0,36.0,104.0,35.0,4.0,15.0,8.0,5.0,1.0,3.0,167.0,90.0,16.0,56.0,0.0
2018-09-17,20.0,128.0,41.0,160.0,19.0,3.0,24.0,13.0,0.0,2.0,2.0,235.0,108.0,19.0,95.0,0.13396666666666665
2018-09-19,12.0,133.0,37.0,128.0,22.0,3.0,27.0,22.0,4.0,2.0,1.0,224.0,112.0,31.0,108.0,-0.068425
2018-09-20,24.0,127.0,33.0,82.0,18.0,3.0,14.0,15.0,3.0,1.0,2.0,202.0,101.0,26.0,72.0,0.0
2018-09-21,32.0,126.0,38.0,102.0,27.0,11.0,13.0,11.0,2.0,0.0,4.0,320.0,94.0,21.0,93.0,0.0
2018-09-22,17.0,91.0,24.0,88.0,25.0,8.0,12.0,12.0,1.0,0.0,2.0,173.0,85.0,13.0,57.0,0.08923333333333333
2018-09-23,15.0,115.0,24.0,79.0,23.0,3.0,24.0,7.0,1.0,0.0,0.0,188.0,88.0,10.0,70.0,0.0
2018-09-24,19.0,100.0,31.0,134.0,25.0,5.0,18.0,7.0,0.0,3.0,1.0,216.0,92.0,18.0,61.0,0.0
2018-09-25,17.0,131.0,39.0,156.0,15.0,4.0,18.0,19.0,5.0,0.0,3.0,235.0,89.0,26.0,98.0,0.0
2018-09-26,14.0,129.0,38.0,103.0,16.0,2.0,17.0,11.0,0.0,1.0,2.0,231.0,93.0,24.0,71.0,-0.24835000000000002
2018-09-27,8.0,124.0,30.0,92.0,15.0,4.0,20.0,7.0,3.0,0.0,1.0,248.0,104.0,14.0,85.0,0.2543666666666667
2018-09-28,16.0,95.0,33.0,95.0,16.0,5.0,18.0,10.0,4.0,1.0,1.0,263.0,91.0,18.0,62.0,-0.212
2018-09-29,13.0,88.0,22.0,93.0,17.0,6.0,8.0,8.0,3.0,1.0,2.0,182.0,73.0,11.0,56.0,0.04293333333333336
2018-09-30,12.0,61.0,20.0,59.0,10.0,5.0,6.0,12.0,1.0,0.0,0.0,135.0,62.0,12.0,53.0,-0.2892
2018-10-01,17.0,118.0,25.0,109.0,13.0,3.0,14.0,7.0,3.0,1.0,0.0,214.0,119.0,25.0,63.0,-0.4939
2018-10-02,16.0,131.0,26.0,123.0,26.0,2.0,19.0,7.0,5.0,2.0,3.0,242.0,103.0,15.0,67.0,-0.49339999999999995
2018-10-03,14.0,122.0,33.0,141.0,13.0,6.0,22.0,6.0,0.0,3.0,2.0,218.0,80.0,14.0,59.0,0.1591
2018-10-04,15.0,134.0,43.0,79.0,18.0,6.0,15.0,12.0,1.0,2.0,0.0,214.0,121.0,22.0,88.0,-0.09545
2018-10-05,13.0,155.0,30.0,91.0,16.0,3.0,21.0,11.0,3.0,0.0,3.0,245.0,100.0,26.0,92.0,-0.20095
2018-10-06,11.0,69.0,25.0,59.0,14.0,8.0,7.0,9.0,2.0,0.0,0.0,119.0,78.0,15.0,53.0,-0.1806
2018-10-07,13.0,80.0,21.0,80.0,29.0,4.0,11.0,8.0,3.0,0.0,2.0,146.0,83.0,18.0,57.0,-0.5388666666666667
2018-10-08,17.0,115.0,33.0,96.0,18.0,8.0,20.0,10.0,2.0,1.0,3.0,247.0,83.0,16.0,84.0,-0.22782499999999997
2018-10-09,11.0,113.0,23.0,97.0,23.0,6.0,28.0,11.0,2.0,2.0,2.0,208.0,83.0,10.0,76.0,0.0654
2018-10-10,18.0,120.0,32.0,117.0,26.0,6.0,25.0,10.0,7.0,4.0,4.0,200.0,109.0,22.0,89.0,0.0386
2018-10-11,18.0,184.0,64.0,197.0,24.0,7.0,33.0,28.0,5.0,3.0,1.0,269.0,127.0,16.0,125.0,-0.213775
2018-10-13,20.0,82.0,23.0,72.0,16.0,3.0,17.0,12.0,3.0,2.0,1.0,126.0,70.0,11.0,47.0,0.0
2018-10-14,15.0,94.0,24.0,116.0,12.0,3.0,19.0,9.0,2.0,1.0,1.0,113.0,76.0,13.0,49.0,0.23404999999999998
2018-10-15,46.0,209.0,54.0,156.0,28.0,5.0,41.0,38.0,4.0,14.0,7.0,345.0,126.0,35.0,149.0,-0.3051333333333333
2018-10-16,22.0,109.0,28.0,81.0,25.0,5.0,32.0,13.0,1.0,1.0,3.0,209.0,114.0,23.0,80.0,0.100475
2018-10-17,17.0,108.0,30.0,95.0,21.0,5.0,21.0,6.0,2.0,1.0,0.0,166.0,111.0,24.0,59.0,-0.2263
2018-10-18,14.0,110.0,32.0,119.0,17.0,9.0,14.0,4.0,5.0,4.0,1.0,224.0,87.0,18.0,82.0,0.0
2018-10-19,18.0,73.0,24.0,85.0,23.0,3.0,25.0,11.0,3.0,2.0,1.0,146.0,67.0,8.0,56.0,0.0
2018-10-20,10.0,72.0,21.0,59.0,17.0,6.0,14.0,3.0,3.0,1.0,2.0,123.0,67.0,10.0,54.0,-0.09692500000000001
2018-10-21,10.0,74.0,20.0,73.0,26.0,3.0,10.0,11.0,2.0,0.0,0.0,132.0,66.0,7.0,58.0,-0.18103333333333335
2018-10-22,15.0,121.0,28.0,88.0,18.0,3.0,13.0,5.0,6.0,0.0,3.0,194.0,105.0,12.0,78.0,-0.28929999999999995
2018-10-23,27.0,125.0,41.0,99.0,23.0,2.0,32.0,15.0,1.0,2.0,0.0,193.0,105.0,14.0,79.0,-0.13356666666666667
2018-10-24,13.0,89.0,33.0,65.0,15.0,2.0,13.0,9.0,5.0,1.0,2.0,171.0,90.0,22.0,79.0,0.1554
2018-10-25,16.0,104.0,36.0,89.0,24.0,5.0,16.0,13.0,4.0,1.0,2.0,161.0,95.0,17.0,75.0,0.044975
2018-10-26,13.0,100.0,27.0,68.0,13.0,9.0,16.0,10.0,5.0,0.0,2.0,167.0,91.0,12.0,89.0,-0.04980000000000001
2018-10-27,6.0,101.0,30.0,59.0,17.0,1.0,22.0,16.0,0.0,1.0,2.0,112.0,79.0,10.0,50.0,-0.2997
2018-10-28,8.0,81.0,27.0,49.0,12.0,2.0,12.0,4.0,3.0,0.0,1.0,105.0,78.0,14.0,53.0,0.0
2018-10-29,7.0,106.0,37.0,138.0,20.0,7.0,25.0,11.0,6.0,6.0,1.0,169.0,98.0,19.0,77.0,0.032125
2018-10-30,11.0,98.0,32.0,126.0,19.0,7.0,21.0,14.0,2.0,1.0,0.0,169.0,85.0,22.0,78.0,0.0
2018-10-31,20.0,123.0,37.0,95.0,13.0,5.0,26.0,31.0,1.0,0.0,4.0,209.0,151.0,259.0,133.0,-0.13419999999999999
2018-11-01,8.0,90.0,22.0,87.0,13.0,3.0,24.0,10.0,3.0,0.0,2.0,143.0,117.0,47.0,75.0,0.2919
2018-11-02,16.0,110.0,27.0,89.0,18.0,2.0,15.0,13.0,3.0,0.0,2.0,165.0,87.0,26.0,64.0,-0.05013333333333333
2018-11-03,7.0,82.0,23.0,57.0,27.0,2.0,20.0,8.0,0.0,1.0,2.0,82.0,79.0,13.0,46.0,-0.178
2018-11-04,19.0,85.0,31.0,52.0,25.0,5.0,11.0,6.0,0.0,1.0,4.0,140.0,76.0,17.0,83.0,-0.045825000000000005
2018-11-05,26.0,89.0,27.0,62.0,18.0,5.0,15.0,17.0,2.0,0.0,4.0,175.0,78.0,17.0,58.0,0.0
2018-11-06,25.0,96.0,35.0,46.0,24.0,1.0,13.0,18.0,1.0,1.0,4.0,243.0,92.0,19.0,72.0,0.11026666666666667
2018-11-07,14.0,86.0,24.0,26.0,18.0,1.0,18.0,8.0,1.0,0.0,0.0,137.0,88.0,15.0,61.0,-0.044966666666666676
2018-11-08,11.0,68.0,20.0,61.0,14.0,2.0,12.0,8.0,1.0,0.0,2.0,112.0,70.0,13.0,60.0,0.1041
2018-11-09,9.0,71.0,22.0,65.0,24.0,5.0,16.0,10.0,2.0,0.0,1.0,90.0,72.0,10.0,60.0,-0.287775
2018-11-10,9.0,56.0,20.0,36.0,12.0,4.0,17.0,5.0,3.0,1.0,1.0,71.0,64.0,8.0,35.0,0.148
2018-11-11,6.0,64.0,17.0,41.0,23.0,3.0,19.0,6.0,3.0,3.0,0.0,63.0,69.0,11.0,39.0,0.25880000000000003
2018-11-12,13.0,70.0,11.0,41.0,21.0,0.0,10.0,5.0,0.0,1.0,0.0,93.0,86.0,15.0,58.0,-0.17
2018-11-13,7.0,87.0,36.0,91.0,10.0,3.0,20.0,10.0,5.0,0.0,3.0,128.0,74.0,13.0,68.0,-0.07955
2018-11-14,19.0,227.0,63.0,245.0,27.0,18.0,39.0,43.0,3.0,8.0,4.0,350.0,138.0,43.0,178.0,0.15423333333333336
2018-11-15,25.0,209.0,48.0,184.0,19.0,11.0,32.0,36.0,4.0,5.0,6.0,246.0,109.0,26.0,139.0,0.1909
2018-11-16,11.0,119.0,37.0,118.0,23.0,9.0,21.0,21.0,7.0,4.0,2.0,252.0,118.0,32.0,94.0,0.10716666666666667
2018-11-17,8.0,116.0,38.0,102.0,29.0,3.0,20.0,12.0,3.0,1.0,2.0,148.0,100.0,15.0,73.0,0.185475
2018-11-18,12.0,95.0,30.0,101.0,11.0,1.0,25.0,16.0,3.0,4.0,2.0,128.0,90.0,14.0,59.0,0.24545
2018-11-19,26.0,253.0,70.0,253.0,38.0,15.0,35.0,44.0,4.0,12.0,5.0,356.0,151.0,51.0,164.0,-0.4713
2018-11-20,32.0,243.0,84.0,227.0,44.0,11.0,40.0,45.0,7.0,27.0,9.0,364.0,158.0,71.0,159.0,-0.2702333333333333
2018-11-21,19.0,175.0,51.0,170.0,30.0,8.0,24.0,26.0,8.0,10.0,3.0,230.0,128.0,39.0,135.0,-0.015899999999999997
2018-11-22,22.0,126.0,32.0,114.0,27.0,1.0,22.0,13.0,3.0,2.0,1.0,170.0,123.0,66.0,86.0,-0.46900000000000003
2018-11-23,21.0,119.0,47.0,142.0,20.0,8.0,26.0,19.0,1.0,5.0,1.0,203.0,104.0,35.0,86.0,-0.0121
2018-11-24,19.0,156.0,40.0,139.0,32.0,5.0,17.0,24.0,3.0,10.0,4.0,202.0,84.0,24.0,97.0,-0.13785
2018-11-25,37.0,205.0,62.0,195.0,51.0,11.0,46.0,30.0,3.0,11.0,7.0,270.0,172.0,39.0,119.0,-0.135575
2018-11-26,22.0,132.0,43.0,208.0,41.0,6.0,21.0,16.0,4.0,12.0,4.0,220.0,125.0,37.0,102.0,-0.0353
2018-11-27,17.0,151.0,56.0,192.0,33.0,7.0,26.0,18.0,4.0,8.0,4.0,231.0,152.0,26.0,98.0,-0.08333333333333333
2018-11-28,41.0,168.0,59.0,158.0,39.0,4.0,41.0,18.0,6.0,4.0,3.0,344.0,138.0,25.0,124.0,-0.1279
2018-11-29,24.0,122.0,43.0,160.0,29.0,7.0,25.0,17.0,0.0,2.0,7.0,270.0,133.0,18.0,95.0,0.2294
2018-11-30,13.0,123.0,39.0,172.0,20.0,1.0,19.0,8.0,5.0,1.0,5.0,195.0,85.0,21.0,85.0,-0.41840000000000005
2018-12-01,15.0,101.0,28.0,93.0,25.0,5.0,18.0,11.0,3.0,1.0,0.0,169.0,71.0,11.0,53.0,-0.11315
2018-12-02,17.0,100.0,24.0,95.0,26.0,4.0,12.0,13.0,4.0,2.0,1.0,152.0,107.0,13.0,46.0,-0.100475
2018-12-04,9.0,149.0,31.0,154.0,24.0,0.0,22.0,23.0,2.0,2.0,3.0,187.0,115.0,23.0,109.0,-0.08600000000000002
2018-12-06,12.0,138.0,48.0,168.0,36.0,3.0,17.0,20.0,3.0,3.0,5.0,216.0,87.0,16.0,96.0,-0.4588
2018-12-07,23.0,185.0,50.0,218.0,39.0,9.0,32.0,28.0,2.0,7.0,6.0,262.0,124.0,31.0,118.0,0.0
2018-12-08,10.0,105.0,28.0,133.0,10.0,3.0,16.0,9.0,3.0,6.0,3.0,140.0,90.0,12.0,60.0,-0.11315
2018-12-09,17.0,102.0,32.0,93.0,13.0,5.0,11.0,14.0,1.0,1.0,3.0,153.0,84.0,7.0,57.0,0.0
2018-12-10,10.0,93.0,19.0,123.0,8.0,4.0,12.0,17.0,4.0,3.0,1.0,144.0,96.0,15.0,55.0,0.24735
2018-12-11,3.0,59.0,16.0,73.0,12.0,2.0,7.0,8.0,3.0,10.0,4.0,88.0,67.0,12.0,41.0,-0.1997
2018-12-12,24.0,106.0,39.0,110.0,25.0,4.0,14.0,11.0,2.0,3.0,3.0,154.0,88.0,26.0,68.0,0.0
2018-12-13,15.0,94.0,23.0,108.0,20.0,5.0,13.0,10.0,1.0,1.0,2.0,148.0,92.0,24.0,90.0,-0.43035
2018-12-14,23.0,130.0,43.0,138.0,28.0,5.0,22.0,18.0,6.0,1.0,3.0,173.0,115.0,22.0,77.0,-0.2202
2018-12-15,10.0,111.0,28.0,82.0,29.0,4.0,17.0,22.0,4.0,3.0,2.0,110.0,92.0,19.0,59.0,0.2861666666666667
2018-12-16,8.0,90.0,29.0,67.0,20.0,6.0,17.0,16.0,2.0,3.0,1.0,125.0,80.0,22.0,59.0,-0.14286666666666667
2018-12-17,33.0,139.0,32.0,97.0,24.0,4.0,18.0,16.0,7.0,5.0,1.0,257.0,118.0,23.0,103.0,0.28076666666666666
2018-12-18,13.0,106.0,23.0,104.0,23.0,12.0,11.0,16.0,5.0,1.0,2.0,229.0,109.0,23.0,92.0,-0.1531
2018-12-20,30.0,156.0,52.0,131.0,34.0,6.0,15.0,14.0,2.0,4.0,5.0,254.0,93.0,31.0,113.0,0.1774
2018-12-21,11.0,110.0,27.0,98.0,20.0,5.0,18.0,15.0,1.0,3.0,1.0,193.0,100.0,16.0,81.0,0.0
2018-12-22,9.0,75.0,10.0,82.0,16.0,8.0,9.0,5.0,1.0,1.0,1.0,107.0,71.0,19.0,57.0,0.128
2018-12-23,14.0,111.0,26.0,74.0,10.0,2.0,15.0,13.0,0.0,0.0,0.0,155.0,77.0,34.0,67.0,-0.2850333333333333
2018-12-24,18.0,78.0,26.0,88.0,12.0,4.0,9.0,16.0,3.0,3.0,0.0,192.0,100.0,39.0,82.0,0.3944666666666667
2018-12-25,11.0,72.0,26.0,76.0,14.0,0.0,12.0,9.0,1.0,1.0,4.0,102.0,59.0,33.0,54.0,-0.023233333333333328
2018-12-26,6.0,72.0,13.0,81.0,17.0,5.0,9.0,6.0,2.0,0.0,4.0,127.0,68.0,16.0,47.0,0.1806
2018-12-27,6.0,98.0,20.0,93.0,12.0,3.0,15.0,8.0,1.0,0.0,1.0,116.0,69.0,18.0,53.0,0.26335
2018-12-28,19.0,90.0,18.0,98.0,18.0,3.0,21.0,13.0,2.0,1.0,4.0,151.0,96.0,16.0,52.0,-0.5423
2018-12-29,7.0,90.0,23.0,55.0,21.0,6.0,18.0,11.0,2.0,1.0,1.0,135.0,100.0,19.0,54.0,0.004833333333333319
2018-12-30,6.0,71.0,24.0,53.0,13.0,6.0,9.0,11.0,2.0,0.0,1.0,106.0,75.0,17.0,57.0,0.100475
2018-12-31,12.0,112.0,26.0,63.0,22.0,2.0,15.0,14.0,3.0,0.0,1.0,158.0,135.0,73.0,59.0,0.0
2019-01-01,6.0,77.0,22.0,42.0,13.0,8.0,13.0,13.0,0.0,0.0,2.0,106.0,72.0,69.0,57.0,0.125
2019-01-02,10.0,98.0,25.0,64.0,24.0,1.0,14.0,9.0,3.0,1.0,1.0,162.0,104.0,26.0,68.0,-0.0258
2019-01-03,14.0,104.0,45.0,89.0,30.0,6.0,18.0,12.0,5.0,1.0,1.0,177.0,136.0,268.0,121.0,-0.12944999999999998
2019-01-04,16.0,80.0,27.0,77.0,16.0,5.0,21.0,16.0,2.0,1.0,2.0,154.0,114.0,64.0,92.0,0.24805
2019-01-05,11.0,87.0,40.0,42.0,16.0,1.0,16.0,10.0,3.0,0.0,1.0,128.0,103.0,16.0,58.0,0.6369
2019-01-06,10.0,104.0,33.0,87.0,28.0,1.0,18.0,14.0,1.0,2.0,1.0,188.0,105.0,16.0,65.0,-0.23835
2019-01-07,14.0,104.0,34.0,62.0,32.0,0.0,20.0,16.0,5.0,0.0,1.0,175.0,111.0,22.0,73.0,-0.22666666666666668
2019-01-08,0.0,30.0,10.0,28.0,6.0,0.0,6.0,6.0,0.0,0.0,2.0,49.0,34.0,6.0,18.0,-0.05103333333333334
2019-01-09,0.0,0.0,0.0,0.0,0.0,0.0,0.0,0.0,0.0,0.0,0.0,0.0,0.0,0.0,0.0,0.06185
2019-01-10,25.0,107.0,50.0,147.0,25.0,5.0,16.0,23.0,4.0,7.0,2.0,240.0,83.0,33.0,98.0,0.3509666666666667
2019-01-11,11.0,96.0,30.0,109.0,17.0,4.0,17.0,12.0,2.0,1.0,2.0,142.0,95.0,16.0,56.0,0.125
2019-01-12,8.0,77.0,30.0,55.0,16.0,4.0,10.0,7.0,2.0,1.0,1.0,105.0,79.0,20.0,72.0,-0.019000000000000003
2019-01-13,8.0,82.0,18.0,99.0,24.0,1.0,8.0,6.0,4.0,1.0,1.0,132.0,72.0,9.0,66.0,-0.12726666666666667
2019-01-14,20.0,95.0,42.0,117.0,27.0,5.0,24.0,8.0,2.0,1.0,4.0,154.0,92.0,25.0,79.0,-0.289375
2019-01-15,11.0,78.0,27.0,66.0,19.0,4.0,7.0,8.0,2.0,3.0,0.0,136.0,76.0,15.0,60.0,0.10115
2019-01-16,14.0,68.0,22.0,66.0,18.0,3.0,12.0,10.0,5.0,2.0,2.0,110.0,84.0,13.0,59.0,0.044199999999999996
2019-01-17,9.0,75.0,32.0,75.0,19.0,2.0,17.0,7.0,3.0,1.0,4.0,132.0,87.0,18.0,67.0,0.17020000000000002
2019-01-18,11.0,85.0,26.0,82.0,20.0,1.0,13.0,17.0,1.0,0.0,1.0,125.0,80.0,21.0,72.0,0.2553
2019-01-19,10.0,91.0,16.0,51.0,18.0,6.0,14.0,14.0,1.0,1.0,2.0,129.0,68.0,14.0,42.0,-0.22593333333333332
2019-01-20,12.0,70.0,19.0,77.0,18.0,3.0,10.0,5.0,4.0,0.0,0.0,119.0,77.0,11.0,56.0,-0.3403
2019-01-21,9.0,72.0,30.0,68.0,19.0,10.0,17.0,15.0,3.0,0.0,1.0,109.0,100.0,14.0,57.0,0.005566666666666682
2019-01-22,8.0,42.0,12.0,33.0,8.0,2.0,9.0,3.0,2.0,0.0,1.0,56.0,37.0,7.0,36.0,0.06743333333333333
2019-01-23,8.0,83.0,35.0,72.0,29.0,2.0,19.0,18.0,2.0,0.0,4.0,180.0,108.0,14.0,88.0,0.044966666666666676
2019-01-24,4.0,90.0,28.0,80.0,14.0,1.0,15.0,9.0,2.0,0.0,3.0,132.0,76.0,18.0,82.0,0.10365
2019-01-25,6.0,90.0,17.0,79.0,11.0,3.0,15.0,8.0,0.0,0.0,0.0,128.0,69.0,12.0,73.0,-0.3147333333333333
2019-01-26,8.0,71.0,19.0,64.0,6.0,3.0,14.0,10.0,0.0,1.0,1.0,110.0,66.0,14.0,52.0,0.21075
2019-01-27,9.0,72.0,20.0,53.0,7.0,1.0,17.0,4.0,0.0,0.0,2.0,111.0,46.0,11.0,58.0,0.15593333333333334
2019-01-28,7.0,94.0,35.0,130.0,18.0,1.0,18.0,8.0,3.0,2.0,1.0,143.0,77.0,15.0,56.0,0.04644999999999999
2019-01-29,12.0,106.0,37.0,120.0,17.0,3.0,10.0,8.0,5.0,0.0,3.0,150.0,86.0,15.0,67.0,-0.074
2019-01-30,6.0,91.0,33.0,100.0,15.0,5.0,15.0,8.0,2.0,3.0,1.0,148.0,93.0,16.0,77.0,-0.22252500000000003
2019-01-31,18.0,112.0,28.0,84.0,16.0,4.0,17.0,10.0,1.0,0.0,2.0,153.0,88.0,21.0,94.0,-0.11333333333333334
2019-02-01,9.0,117.0,18.0,95.0,16.0,6.0,14.0,10.0,4.0,0.0,0.0,153.0,95.0,12.0,61.0,-0.10573333333333335
2019-02-02,10.0,83.0,16.0,97.0,14.0,6.0,13.0,13.0,1.0,1.0,2.0,118.0,87.0,10.0,59.0,-0.5026
2019-02-03,8.0,66.0,15.0,77.0,12.0,4.0,6.0,10.0,0.0,0.0,0.0,108.0,76.0,8.0,58.0,0.5022500000000001
2019-02-04,10.0,84.0,23.0,79.0,12.0,3.0,13.0,10.0,1.0,0.0,3.0,114.0,91.0,9.0,60.0,0.13396666666666665
2019-02-05,12.0,98.0,26.0,73.0,20.0,3.0,20.0,19.0,6.0,0.0,1.0,130.0,88.0,15.0,101.0,-0.21075
2019-02-06,8.0,123.0,29.0,95.0,24.0,2.0,22.0,18.0,1.0,0.0,2.0,139.0,131.0,17.0,109.0,-0.17253333333333334
2019-02-07,13.0,97.0,28.0,66.0,17.0,2.0,9.0,12.0,3.0,1.0,1.0,137.0,90.0,13.0,86.0,0.32236666666666663
2019-02-08,28.0,107.0,34.0,116.0,18.0,1.0,20.0,25.0,0.0,2.0,1.0,249.0,95.0,30.0,113.0,0.14263333333333333
2019-02-09,7.0,78.0,23.0,60.0,18.0,2.0,18.0,4.0,2.0,0.0,1.0,130.0,72.0,9.0,76.0,0.0
2019-02-10,12.0,76.0,24.0,60.0,13.0,3.0,21.0,12.0,5.0,0.0,1.0,152.0,70.0,10.0,64.0,0.0
2019-02-11,15.0,72.0,28.0,75.0,17.0,4.0,16.0,7.0,2.0,0.0,2.0,161.0,108.0,13.0,79.0,-0.13185
2019-02-12,9.0,99.0,24.0,83.0,25.0,8.0,15.0,9.0,2.0,2.0,4.0,143.0,78.0,13.0,63.0,0.20095
2019-02-13,10.0,105.0,26.0,84.0,19.0,5.0,14.0,14.0,4.0,0.0,1.0,149.0,107.0,10.0,58.0,-0.09866666666666667
2019-02-15,4.0,55.0,29.0,54.0,17.0,6.0,15.0,8.0,1.0,0.0,1.0,109.0,97.0,26.0,62.0,-0.2641
2019-02-16,11.0,60.0,19.0,38.0,15.0,2.0,5.0,8.0,3.0,1.0,1.0,114.0,40.0,14.0,48.0,0.074
2019-02-17,18.0,60.0,18.0,61.0,9.0,4.0,5.0,10.0,2.0,1.0,0.0,125.0,63.0,8.0,66.0,-0.11006666666666666
2019-02-18,29.0,106.0,33.0,83.0,11.0,5.0,25.0,9.0,2.0,1.0,4.0,260.0,77.0,16.0,104.0,-0.4017
2019-02-19,20.0,85.0,45.0,88.0,15.0,4.0,17.0,19.0,2.0,3.0,0.0,198.0,89.0,18.0,110.0,-0.03423333333333333
2019-02-20,12.0,87.0,26.0,66.0,16.0,3.0,8.0,15.0,2.0,0.0,2.0,166.0,79.0,11.0,88.0,-0.1909
2019-02-21,11.0,82.0,24.0,62.0,20.0,6.0,15.0,15.0,3.0,1.0,3.0,171.0,92.0,19.0,77.0,0.3404
2019-02-22,10.0,87.0,27.0,57.0,24.0,3.0,8.0,16.0,3.0,1.0,2.0,126.0,64.0,14.0,82.0,0.27973333333333333
2019-02-23,18.0,90.0,28.0,62.0,12.0,5.0,21.0,12.0,2.0,2.0,5.0,167.0,82.0,18.0,81.0,-0.2083
2019-02-24,15.0,84.0,29.0,105.0,21.0,3.0,17.0,9.0,2.0,2.0,2.0,171.0,60.0,17.0,75.0,0.11887500000000001
2019-02-25,11.0,103.0,34.0,125.0,19.0,8.0,20.0,9.0,7.0,1.0,2.0,171.0,79.0,17.0,89.0,-0.12726666666666667
2019-02-26,9.0,92.0,32.0,85.0,15.0,8.0,19.0,11.0,2.0,1.0,2.0,158.0,72.0,9.0,81.0,-0.332
2019-02-27,12.0,95.0,27.0,84.0,16.0,7.0,15.0,10.0,6.0,1.0,1.0,152.0,74.0,7.0,52.0,-0.07955
2019-02-28,13.0,81.0,39.0,90.0,16.0,5.0,14.0,9.0,6.0,0.0,1.0,158.0,90.0,19.0,62.0,-0.28315
2019-03-01,11.0,107.0,27.0,60.0,24.0,6.0,18.0,12.0,3.0,1.0,0.0,152.0,94.0,28.0,56.0,-0.16886666666666664
2019-03-02,11.0,70.0,18.0,62.0,14.0,8.0,21.0,9.0,1.0,0.0,1.0,112.0,70.0,42.0,52.0,-0.06885000000000001
2019-03-03,7.0,77.0,15.0,53.0,13.0,5.0,30.0,11.0,2.0,0.0,1.0,114.0,60.0,48.0,50.0,0.0
2019-03-04,11.0,87.0,26.0,101.0,22.0,5.0,29.0,7.0,2.0,3.0,2.0,154.0,75.0,59.0,54.0,0.2294
2019-03-05,21.0,82.0,19.0,80.0,18.0,1.0,17.0,15.0,5.0,4.0,1.0,168.0,88.0,65.0,92.0,0.0
2019-03-06,31.0,159.0,65.0,86.0,38.0,9.0,604.0,30.0,5.0,5.0,5.0,194.0,191.0,74.0,141.0,-0.5808
2019-03-07,23.0,176.0,60.0,99.0,47.0,16.0,45.0,28.0,9.0,2.0,9.0,224.0,215.0,78.0,188.0,0.0
2019-03-08,31.0,191.0,52.0,140.0,30.0,11.0,36.0,23.0,7.0,7.0,4.0,267.0,182.0,84.0,159.0,-0.041833333333333333
2019-03-10,28.0,151.0,55.0,82.0,29.0,8.0,40.0,22.0,5.0,0.0,1.0,207.0,187.0,51.0,141.0,-0.12154999999999999
2019-03-11,18.0,147.0,32.0,116.0,29.0,11.0,36.0,26.0,6.0,0.0,6.0,391.0,191.0,66.0,203.0,-0.6305000000000001
2019-03-12,29.0,151.0,38.0,93.0,35.0,17.0,43.0,35.0,7.0,1.0,2.0,216.0,216.0,81.0,183.0,-0.56985
2019-03-13,19.0,176.0,45.0,114.0,39.0,11.0,53.0,23.0,7.0,2.0,1.0,190.0,190.0,66.0,137.0,-0.19063333333333332
2019-03-14,33.0,174.0,63.0,118.0,36.0,14.0,39.0,25.0,5.0,2.0,2.0,225.0,193.0,82.0,154.0,0.0172
2019-03-15,19.0,97.0,36.0,78.0,24.0,6.0,26.0,17.0,6.0,0.0,2.0,181.0,115.0,46.0,90.0,0.0
2019-03-16,13.0,87.0,33.0,98.0,21.0,1.0,18.0,13.0,3.0,1.0,1.0,198.0,76.0,9.0,73.0,0.100475
2019-03-17,8.0,83.0,15.0,71.0,24.0,3.0,17.0,7.0,1.0,0.0,1.0,130.0,56.0,17.0,55.0,-0.0172
2019-03-18,8.0,91.0,25.0,74.0,20.0,1.0,13.0,6.0,3.0,1.0,3.0,150.0,79.0,34.0,53.0,0.18299999999999997
2019-03-19,9.0,94.0,26.0,69.0,28.0,4.0,21.0,9.0,3.0,0.0,2.0,184.0,93.0,49.0,74.0,-0.13396666666666665
2019-03-20,11.0,103.0,33.0,85.0,26.0,1.0,18.0,13.0,3.0,0.0,2.0,191.0,108.0,41.0,83.0,-0.262625
2019-03-22,8.0,94.0,23.0,75.0,16.0,1.0,19.0,11.0,2.0,1.0,0.0,138.0,74.0,18.0,57.0,0.08535
2019-03-23,6.0,69.0,30.0,80.0,21.0,4.0,10.0,8.0,4.0,1.0,2.0,134.0,57.0,16.0,40.0,-0.6908
2019-03-24,6.0,79.0,24.0,65.0,19.0,2.0,13.0,10.0,4.0,0.0,1.0,141.0,89.0,13.0,58.0,-0.08636666666666666
2019-03-25,8.0,86.0,41.0,103.0,17.0,4.0,17.0,11.0,3.0,3.0,2.0,137.0,78.0,7.0,55.0,0.3818
2019-03-26,8.0,74.0,25.0,119.0,11.0,8.0,23.0,3.0,4.0,3.0,0.0,166.0,69.0,8.0,51.0,-0.0978
2019-03-27,8.0,97.0,41.0,81.0,30.0,4.0,19.0,14.0,0.0,1.0,0.0,197.0,69.0,11.0,71.0,-0.1909
2019-03-28,13.0,79.0,31.0,73.0,23.0,3.0,18.0,18.0,3.0,0.0,3.0,175.0,78.0,13.0,78.0,0.4522666666666666
2019-03-29,18.0,103.0,22.0,95.0,20.0,3.0,14.0,8.0,4.0,2.0,2.0,184.0,70.0,20.0,68.0,0.3182
2019-03-31,8.0,65.0,18.0,47.0,12.0,2.0,10.0,7.0,0.0,0.0,1.0,136.0,61.0,15.0,41.0,0.121
2019-04-01,14.0,81.0,23.0,123.0,14.0,3.0,17.0,9.0,4.0,0.0,1.0,233.0,82.0,11.0,76.0,-0.134775
2019-04-02,58.0,216.0,78.0,199.0,42.0,7.0,35.0,32.0,1.0,10.0,2.0,523.0,129.0,58.0,223.0,0.0
2019-04-03,49.0,198.0,42.0,163.0,28.0,11.0,22.0,21.0,5.0,3.0,9.0,433.0,103.0,22.0,164.0,0.04209999999999999
2019-04-04,20.0,115.0,35.0,145.0,19.0,4.0,22.0,9.0,4.0,2.0,2.0,262.0,90.0,19.0,81.0,0.12040000000000001
2019-04-05,17.0,112.0,24.0,90.0,17.0,1.0,29.0,6.0,4.0,2.0,1.0,245.0,103.0,18.0,65.0,0.0
2019-04-06,12.0,86.0,24.0,84.0,25.0,3.0,14.0,6.0,3.0,2.0,1.0,243.0,60.0,11.0,63.0,0.27340000000000003
2019-04-07,15.0,96.0,17.0,96.0,12.0,1.0,8.0,12.0,1.0,1.0,4.0,220.0,66.0,14.0,64.0,0.11333333333333334
2019-04-08,28.0,131.0,38.0,126.0,17.0,0.0,20.0,16.0,1.0,3.0,3.0,272.0,98.0,14.0,71.0,-0.09489999999999998
2019-04-09,19.0,118.0,20.0,115.0,26.0,3.0,13.0,10.0,4.0,2.0,2.0,254.0,106.0,10.0,56.0,-0.11654999999999999
2019-04-10,20.0,109.0,40.0,119.0,21.0,4.0,20.0,10.0,2.0,3.0,4.0,331.0,108.0,9.0,105.0,-0.28633333333333333
2019-04-11,21.0,126.0,26.0,148.0,19.0,6.0,19.0,16.0,4.0,3.0,3.0,288.0,88.0,19.0,80.0,-0.17435
2019-04-12,15.0,101.0,19.0,127.0,18.0,3.0,22.0,14.0,3.0,0.0,0.0,212.0,87.0,22.0,85.0,0.041900000000000014
2019-04-13,14.0,75.0,19.0,89.0,21.0,7.0,15.0,20.0,1.0,0.0,0.0,167.0,81.0,9.0,68.0,-0.08895
2019-04-14,8.0,55.0,29.0,69.0,15.0,4.0,13.0,10.0,0.0,2.0,0.0,157.0,80.0,5.0,58.0,-0.14286666666666667
2019-04-15,5.0,101.0,27.0,90.0,11.0,5.0,22.0,18.0,2.0,1.0,1.0,217.0,84.0,22.0,71.0,0.0
2019-04-16,19.0,89.0,18.0,80.0,26.0,6.0,20.0,20.0,3.0,2.0,3.0,167.0,87.0,13.0,62.0,0.35533333333333333
2019-04-17,14.0,80.0,16.0,85.0,15.0,1.0,13.0,11.0,1.0,2.0,0.0,163.0,89.0,12.0,61.0,-0.7717
2019-04-18,17.0,94.0,27.0,75.0,8.0,5.0,15.0,3.0,6.0,0.0,1.0,238.0,94.0,18.0,71.0,0.2787
2019-04-19,13.0,72.0,26.0,76.0,19.0,2.0,17.0,13.0,2.0,2.0,1.0,189.0,94.0,12.0,56.0,0.0
2019-04-20,12.0,88.0,25.0,66.0,26.0,3.0,18.0,11.0,3.0,1.0,0.0,215.0,86.0,13.0,56.0,-0.27115
2019-04-21,6.0,85.0,22.0,76.0,25.0,6.0,13.0,18.0,1.0,3.0,2.0,181.0,72.0,19.0,56.0,-0.45883333333333337
2019-04-22,12.0,106.0,36.0,91.0,26.0,3.0,15.0,15.0,3.0,1.0,4.0,247.0,94.0,33.0,75.0,0.20095
2019-04-23,33.0,145.0,40.0,125.0,24.0,3.0,25.0,13.0,4.0,1.0,3.0,349.0,108.0,45.0,92.0,0.23067500000000002
2019-04-24,15.0,122.0,24.0,97.0,26.0,4.0,14.0,20.0,2.0,3.0,1.0,200.0,122.0,75.0,72.0,0.21619999999999998
2019-04-25,15.0,112.0,28.0,100.0,16.0,6.0,21.0,13.0,2.0,4.0,1.0,231.0,91.0,41.0,84.0,0.30665000000000003
2019-04-26,18.0,124.0,22.0,112.0,16.0,5.0,23.0,13.0,2.0,8.0,0.0,202.0,67.0,28.0,61.0,-0.6597
2019-04-27,9.0,75.0,15.0,55.0,19.0,3.0,23.0,7.0,3.0,1.0,2.0,100.0,55.0,27.0,31.0,-0.29000000000000004
2019-04-28,8.0,73.0,19.0,45.0,12.0,2.0,17.0,6.0,2.0,0.0,3.0,105.0,79.0,19.0,44.0,0.0
2019-04-29,14.0,72.0,20.0,92.0,15.0,4.0,22.0,8.0,1.0,1.0,3.0,134.0,73.0,20.0,52.0,-0.12726666666666667
2019-04-30,13.0,74.0,16.0,94.0,11.0,4.0,19.0,15.0,5.0,0.0,2.0,141.0,68.0,8.0,45.0,0.13396666666666665
2019-05-01,18.0,101.0,29.0,78.0,17.0,4.0,15.0,8.0,3.0,1.0,3.0,191.0,83.0,12.0,50.0,0.1239
2019-05-02,15.0,103.0,21.0,103.0,22.0,2.0,23.0,8.0,5.0,1.0,2.0,181.0,90.0,10.0,50.0,-0.243
2019-05-03,27.0,125.0,30.0,126.0,25.0,5.0,26.0,19.0,6.0,2.0,1.0,299.0,87.0,29.0,92.0,-0.02225
2019-05-04,14.0,88.0,14.0,79.0,10.0,3.0,16.0,8.0,0.0,1.0,2.0,168.0,72.0,14.0,52.0,-0.156875
2019-05-05,9.0,76.0,27.0,73.0,22.0,3.0,18.0,12.0,4.0,4.0,2.0,144.0,57.0,16.0,51.0,0.0
2019-05-06,8.0,107.0,34.0,81.0,25.0,3.0,23.0,13.0,4.0,3.0,0.0,216.0,65.0,27.0,66.0,0.0
2019-05-07,20.0,122.0,46.0,106.0,22.0,3.0,19.0,20.0,0.0,3.0,0.0,266.0,96.0,43.0,85.0,-0.180025
2019-05-08,16.0,149.0,47.0,84.0,44.0,9.0,51.0,33.0,5.0,6.0,1.0,213.0,115.0,44.0,105.0,0.044550000000000034
2019-05-09,29.0,169.0,38.0,122.0,43.0,7.0,47.0,20.0,8.0,1.0,5.0,303.0,104.0,45.0,111.0,-0.125
2019-05-10,28.0,135.0,31.0,121.0,17.0,9.0,35.0,19.0,4.0,1.0,3.0,292.0,97.0,44.0,111.0,0.02063333333333332
2019-05-11,63.0,196.0,51.0,141.0,27.0,2.0,39.0,29.0,3.0,1.0,2.0,400.0,112.0,51.0,171.0,0.0
2019-05-12,36.0,141.0,38.0,91.0,24.0,0.0,38.0,18.0,4.0,7.0,3.0,264.0,97.0,32.0,98.0,0.050575
2019-05-13,56.0,184.0,62.0,151.0,33.0,5.0,25.0,34.0,9.0,6.0,1.0,396.0,144.0,35.0,192.0,0.0
2019-05-14,66.0,171.0,42.0,98.0,27.0,5.0,31.0,14.0,2.0,5.0,3.0,304.0,149.0,41.0,137.0,-0.35564999999999997
2019-05-15,49.0,129.0,55.0,80.0,20.0,4.0,36.0,16.0,5.0,3.0,0.0,309.0,115.0,34.0,101.0,0.046725
2019-05-16,33.0,128.0,33.0,90.0,21.0,4.0,37.0,14.0,2.0,6.0,0.0,255.0,133.0,32.0,104.0,0.0
2019-05-17,39.0,128.0,44.0,186.0,19.0,4.0,22.0,24.0,2.0,7.0,3.0,285.0,98.0,30.0,101.0,-0.20095
2019-05-18,20.0,98.0,26.0,80.0,20.0,7.0,19.0,12.0,3.0,1.0,1.0,178.0,79.0,23.0,84.0,0.0
2019-05-19,32.0,123.0,34.0,91.0,15.0,8.0,19.0,9.0,4.0,11.0,7.0,301.0,88.0,27.0,101.0,0.18409999999999999
2019-05-20,21.0,121.0,36.0,102.0,13.0,2.0,37.0,16.0,5.0,1.0,4.0,231.0,103.0,27.0,78.0,0.0
2019-05-21,30.0,129.0,44.0,81.0,18.0,4.0,19.0,20.0,5.0,1.0,0.0,256.0,114.0,27.0,88.0,0.0
2019-05-22,27.0,120.0,38.0,92.0,21.0,5.0,19.0,15.0,2.0,1.0,5.0,222.0,106.0,94.0,88.0,0.22393333333333332
2019-05-23,21.0,101.0,39.0,116.0,18.0,6.0,24.0,12.0,1.0,5.0,0.0,208.0,86.0,24.0,80.0,-0.28252499999999997
2019-05-24,15.0,120.0,34.0,75.0,18.0,5.0,15.0,17.0,2.0,1.0,1.0,300.0,110.0,24.0,74.0,0.6085499999999999
2019-05-25,17.0,119.0,27.0,65.0,15.0,7.0,27.0,13.0,3.0,1.0,1.0,197.0,79.0,20.0,54.0,-0.7841
2019-05-26,17.0,125.0,41.0,82.0,22.0,6.0,30.0,25.0,3.0,0.0,3.0,271.0,104.0,35.0,90.0,0.5719
2019-05-27,50.0,148.0,25.0,94.0,14.0,5.0,34.0,18.0,2.0,3.0,3.0,317.0,137.0,28.0,107.0,0.0
2019-05-28,33.0,134.0,28.0,100.0,20.0,5.0,32.0,16.0,2.0,1.0,1.0,301.0,105.0,17.0,70.0,0.4777666666666667
2019-05-29,34.0,115.0,31.0,105.0,25.0,15.0,29.0,13.0,4.0,1.0,1.0,279.0,109.0,35.0,83.0,0.0129
2019-05-30,44.0,169.0,65.0,108.0,32.0,6.0,29.0,35.0,4.0,3.0,1.0,307.0,125.0,25.0,135.0,-0.3467666666666667
2019-05-31,31.0,121.0,37.0,142.0,23.0,2.0,29.0,17.0,3.0,4.0,1.0,242.0,92.0,26.0,78.0,0.22674999999999998
2019-06-01,22.0,76.0,21.0,58.0,15.0,1.0,13.0,10.0,3.0,0.0,2.0,170.0,99.0,13.0,50.0,0.2182333333333333
2019-06-02,28.0,87.0,17.0,54.0,16.0,2.0,15.0,7.0,0.0,0.0,0.0,169.0,70.0,13.0,52.0,-0.2294
2019-06-03,19.0,145.0,42.0,96.0,18.0,3.0,34.0,13.0,0.0,1.0,0.0,240.0,99.0,21.0,58.0,-0.036000000000000004
2019-06-04,27.0,145.0,51.0,181.0,19.0,6.0,27.0,20.0,0.0,3.0,5.0,237.0,91.0,24.0,92.0,0.0772
2019-06-05,9.0,108.0,28.0,111.0,14.0,2.0,21.0,11.0,1.0,3.0,0.0,167.0,89.0,17.0,78.0,0.0
2019-06-06,28.0,90.0,21.0,109.0,16.0,1.0,19.0,17.0,1.0,2.0,0.0,172.0,84.0,17.0,79.0,-0.2023
2019-06-07,24.0,116.0,36.0,63.0,25.0,9.0,12.0,13.0,3.0,0.0,0.0,204.0,95.0,15.0,66.0,-0.2044
2019-06-08,11.0,74.0,25.0,48.0,13.0,1.0,8.0,18.0,0.0,0.0,0.0,148.0,84.0,16.0,56.0,0.0
2019-06-09,14.0,80.0,16.0,85.0,9.0,3.0,12.0,15.0,1.0,0.0,0.0,171.0,59.0,8.0,37.0,0.0
2019-06-10,11.0,105.0,25.0,111.0,14.0,3.0,12.0,12.0,0.0,2.0,0.0,218.0,93.0,11.0,48.0,0.21075
2019-06-11,10.0,115.0,28.0,89.0,13.0,3.0,15.0,10.0,1.0,2.0,1.0,193.0,90.0,12.0,71.0,-0.064
2019-06-12,19.0,112.0,31.0,72.0,12.0,3.0,26.0,9.0,1.0,1.0,4.0,233.0,87.0,16.0,71.0,-0.09363333333333333
2019-06-13,19.0,86.0,34.0,67.0,19.0,7.0,32.0,10.0,2.0,0.0,7.0,213.0,117.0,19.0,81.0,-0.3287
2019-06-14,24.0,112.0,26.0,94.0,24.0,1.0,26.0,15.0,5.0,2.0,2.0,230.0,123.0,29.0,79.0,-0.13396666666666665
2019-06-15,26.0,91.0,19.0,63.0,23.0,4.0,18.0,14.0,2.0,1.0,1.0,201.0,95.0,22.0,67.0,-0.5721
2019-06-16,36.0,128.0,29.0,79.0,17.0,6.0,22.0,18.0,1.0,2.0,0.0,274.0,111.0,38.0,103.0,0.10600000000000001
2019-06-17,39.0,107.0,28.0,79.0,17.0,1.0,22.0,16.0,2.0,0.0,2.0,273.0,101.0,17.0,87.0,-0.2202
2019-06-18,25.0,135.0,30.0,80.0,27.0,5.0,37.0,15.0,4.0,0.0,2.0,241.0,161.0,17.0,93.0,0.05853333333333335
2019-06-19,28.0,94.0,27.0,55.0,22.0,4.0,19.0,13.0,4.0,0.0,0.0,213.0,110.0,15.0,65.0,0.0
2019-06-20,26.0,132.0,30.0,80.0,18.0,2.0,23.0,14.0,3.0,1.0,3.0,293.0,131.0,29.0,95.0,0.4404
2019-06-21,73.0,173.0,44.0,108.0,31.0,7.0,34.0,20.0,2.0,1.0,4.0,352.0,135.0,43.0,161.0,0.13396666666666665
2019-06-22,85.0,206.0,58.0,93.0,29.0,8.0,38.0,37.0,6.0,4.0,1.0,346.0,153.0,51.0,169.0,-0.21075
2019-06-23,41.0,108.0,40.0,74.0,25.0,2.0,14.0,13.0,4.0,4.0,2.0,256.0,101.0,20.0,97.0,0.3724
2019-06-24,24.0,71.0,11.0,75.0,20.0,4.0,0.0,13.0,5.0,1.0,0.0,151.0,70.0,18.0,73.0,-0.418
2019-06-25,32.0,93.0,38.0,65.0,13.0,3.0,0.0,11.0,19.0,3.0,1.0,231.0,83.0,18.0,93.0,0.31096666666666667
2019-06-26,82.0,275.0,50.0,133.0,30.0,9.0,0.0,42.0,13.0,7.0,2.0,429.0,124.0,47.0,240.0,-0.26992499999999997
2019-06-27,48.0,178.0,54.0,155.0,28.0,7.0,23.0,16.0,3.0,5.0,4.0,294.0,110.0,25.0,105.0,-0.26516666666666666
2019-06-28,22.0,163.0,43.0,96.0,19.0,7.0,27.0,22.0,2.0,6.0,4.0,299.0,121.0,26.0,99.0,-0.37895
2019-06-29,19.0,139.0,31.0,83.0,24.0,1.0,17.0,18.0,1.0,3.0,1.0,231.0,96.0,13.0,72.0,0.2202
2019-06-30,19.0,130.0,18.0,70.0,19.0,5.0,10.0,12.0,1.0,7.0,2.0,223.0,87.0,15.0,89.0,-0.0258
2019-07-01,23.0,131.0,35.0,127.0,18.0,5.0,23.0,20.0,3.0,5.0,1.0,248.0,114.0,36.0,101.0,0.024399999999999995
2019-07-02,25.0,133.0,31.0,170.0,19.0,8.0,19.0,17.0,2.0,6.0,4.0,268.0,95.0,17.0,100.0,-0.41325
2019-07-04,24.0,129.0,35.0,90.0,24.0,0.0,22.0,13.0,8.0,3.0,2.0,240.0,78.0,51.0,85.0,-0.08682499999999999
2019-07-05,34.0,126.0,30.0,110.0,23.0,4.0,23.0,12.0,2.0,3.0,2.0,219.0,76.0,28.0,85.0,0.15175
2019-07-06,18.0,92.0,24.0,78.0,11.0,4.0,12.0,11.0,2.0,0.0,4.0,188.0,76.0,16.0,68.0,-0.12726666666666667
2019-07-07,10.0,87.0,26.0,63.0,9.0,2.0,18.0,12.0,0.0,0.0,1.0,174.0,60.0,14.0,55.0,-0.1027
2019-07-08,15.0,136.0,40.0,91.0,23.0,2.0,26.0,22.0,5.0,5.0,1.0,280.0,112.0,18.0,76.0,-0.11333333333333334
2019-07-09,29.0,129.0,35.0,94.0,18.0,4.0,18.0,15.0,2.0,2.0,1.0,281.0,119.0,14.0,102.0,-0.1623
2019-07-10,30.0,159.0,45.0,138.0,21.0,4.0,35.0,19.0,4.0,5.0,1.0,329.0,132.0,20.0,122.0,-0.064
2019-07-11,17.0,128.0,33.0,136.0,20.0,9.0,45.0,14.0,0.0,4.0,2.0,246.0,106.0,25.0,82.0,0.08895
2019-07-12,30.0,149.0,43.0,82.0,31.0,12.0,37.0,23.0,11.0,4.0,2.0,316.0,157.0,24.0,126.0,0.25
2019-07-13,14.0,110.0,28.0,77.0,16.0,3.0,21.0,17.0,3.0,0.0,0.0,221.0,90.0,20.0,85.0,-0.2235
2019-07-14,15.0,115.0,24.0,138.0,9.0,1.0,21.0,14.0,4.0,4.0,0.0,217.0,85.0,18.0,74.0,-0.15293333333333334
2019-07-15,21.0,174.0,39.0,178.0,29.0,7.0,57.0,25.0,7.0,9.0,7.0,302.0,106.0,30.0,106.0,-0.2437
2019-07-16,20.0,146.0,56.0,168.0,23.0,0.0,51.0,15.0,3.0,8.0,4.0,284.0,120.0,27.0,125.0,-0.4124333333333334
2019-07-17,22.0,166.0,46.0,165.0,36.0,10.0,39.0,28.0,3.0,3.0,5.0,272.0,122.0,31.0,127.0,0.0
2019-07-18,22.0,150.0,39.0,124.0,32.0,4.0,35.0,20.0,6.0,2.0,3.0,286.0,106.0,18.0,128.0,-0.2787
2019-07-19,5.0,113.0,16.0,103.0,23.0,5.0,32.0,16.0,2.0,4.0,3.0,160.0,95.0,14.0,74.0,-0.3028333333333333
2019-07-20,6.0,92.0,29.0,75.0,24.0,1.0,25.0,8.0,2.0,1.0,2.0,189.0,71.0,15.0,66.0,0.22503333333333334
2019-07-21,10.0,76.0,18.0,49.0,25.0,2.0,16.0,13.0,2.0,0.0,4.0,121.0,63.0,12.0,43.0,-0.07973333333333334
2019-07-22,13.0,93.0,31.0,115.0,22.0,8.0,22.0,9.0,2.0,1.0,0.0,193.0,110.0,11.0,76.0,-0.2577
2019-07-23,19.0,79.0,22.0,112.0,21.0,4.0,14.0,10.0,2.0,2.0,0.0,150.0,56.0,8.0,54.0,-0.08615
2019-07-24,16.0,100.0,30.0,124.0,22.0,2.0,20.0,15.0,1.0,2.0,0.0,178.0,82.0,12.0,66.0,0.19677499999999998
2019-07-25,13.0,87.0,24.0,66.0,25.0,6.0,24.0,9.0,1.0,2.0,2.0,186.0,120.0,24.0,75.0,0.2877
2019-07-26,11.0,93.0,22.0,93.0,19.0,4.0,20.0,7.0,2.0,1.0,3.0,139.0,87.0,19.0,45.0,-0.04137499999999998
2019-07-27,12.0,91.0,34.0,97.0,20.0,1.0,20.0,9.0,5.0,1.0,1.0,189.0,78.0,4.0,49.0,-0.09633333333333334
2019-07-28,15.0,78.0,12.0,76.0,15.0,3.0,10.0,14.0,3.0,3.0,2.0,128.0,58.0,17.0,43.0,-0.19193333333333332
2019-07-29,15.0,104.0,23.0,103.0,18.0,3.0,18.0,16.0,0.0,0.0,1.0,190.0,77.0,15.0,57.0,-0.36345
2019-07-30,15.0,88.0,31.0,101.0,17.0,3.0,13.0,14.0,1.0,0.0,1.0,178.0,94.0,19.0,57.0,-0.1297
2019-07-31,14.0,109.0,33.0,76.0,30.0,3.0,15.0,11.0,5.0,3.0,0.0,215.0,96.0,22.0,75.0,-0.05516666666666667
2019-08-01,11.0,118.0,28.0,94.0,19.0,5.0,14.0,16.0,1.0,0.0,2.0,178.0,95.0,43.0,72.0,0.0
2019-08-02,17.0,95.0,25.0,99.0,28.0,3.0,13.0,7.0,2.0,3.0,1.0,185.0,118.0,28.0,69.0,0.030666666666666675
2019-08-03,15.0,83.0,21.0,44.0,17.0,3.0,18.0,14.0,2.0,3.0,2.0,145.0,86.0,5.0,83.0,-0.6808
2019-08-04,10.0,78.0,32.0,59.0,13.0,3.0,13.0,8.0,3.0,0.0,2.0,174.0,79.0,15.0,48.0,-0.34
2019-08-05,46.0,112.0,34.0,102.0,18.0,4.0,30.0,25.0,1.0,3.0,3.0,268.0,123.0,34.0,101.0,-0.30996666666666667
2019-08-06,12.0,126.0,42.0,104.0,23.0,8.0,33.0,15.0,4.0,5.0,3.0,227.0,111.0,29.0,98.0,-0.06743333333333333
2019-08-07,21.0,107.0,44.0,91.0,21.0,3.0,25.0,15.0,6.0,1.0,1.0,197.0,96.0,17.0,75.0,-0.17
2019-08-08,14.0,93.0,33.0,67.0,18.0,2.0,19.0,9.0,3.0,1.0,2.0,181.0,104.0,10.0,82.0,-0.5570999999999999
2019-08-09,19.0,88.0,19.0,67.0,14.0,3.0,24.0,11.0,2.0,0.0,0.0,193.0,76.0,23.0,66.0,-0.05135
2019-08-10,10.0,70.0,19.0,68.0,13.0,0.0,20.0,12.0,4.0,2.0,1.0,132.0,50.0,12.0,48.0,-0.3057
2019-08-11,10.0,52.0,20.0,73.0,18.0,2.0,13.0,11.0,3.0,1.0,0.0,105.0,56.0,8.0,36.0,-0.20095
2019-08-12,9.0,84.0,25.0,73.0,19.0,2.0,20.0,13.0,4.0,0.0,2.0,169.0,79.0,13.0,60.0,0.0
2019-08-13,4.0,92.0,21.0,108.0,25.0,4.0,22.0,11.0,1.0,4.0,2.0,175.0,80.0,14.0,66.0,0.0
2019-08-14,12.0,119.0,33.0,133.0,18.0,6.0,38.0,17.0,4.0,5.0,2.0,170.0,76.0,14.0,59.0,0.10115
2019-08-15,9.0,122.0,30.0,127.0,14.0,2.0,42.0,13.0,2.0,3.0,1.0,206.0,73.0,14.0,66.0,0.4019
2019-08-16,12.0,90.0,22.0,99.0,18.0,11.0,38.0,9.0,2.0,1.0,2.0,129.0,106.0,13.0,89.0,-0.24996666666666667
2019-08-17,10.0,55.0,12.0,61.0,23.0,5.0,18.0,8.0,4.0,0.0,0.0,102.0,75.0,11.0,46.0,-0.55845
2019-08-18,9.0,70.0,23.0,69.0,17.0,2.0,17.0,9.0,0.0,1.0,2.0,114.0,74.0,8.0,53.0,-0.40680000000000005
2019-08-19,11.0,98.0,26.0,65.0,9.0,4.0,12.0,8.0,3.0,1.0,1.0,184.0,96.0,20.0,75.0,0.20149999999999998
2019-08-20,18.0,97.0,25.0,73.0,23.0,9.0,18.0,18.0,4.0,0.0,3.0,154.0,112.0,21.0,91.0,-0.2202
2019-08-21,14.0,89.0,41.0,146.0,27.0,5.0,36.0,16.0,3.0,3.0,3.0,139.0,98.0,24.0,91.0,-0.07955
2019-08-22,16.0,82.0,34.0,91.0,18.0,5.0,32.0,5.0,2.0,3.0,0.0,148.0,122.0,11.0,66.0,-0.14049999999999999
2019-08-23,14.0,110.0,22.0,91.0,16.0,4.0,16.0,17.0,6.0,11.0,3.0,161.0,86.0,23.0,76.0,-0.1027
2019-08-24,8.0,43.0,18.0,80.0,23.0,7.0,14.0,7.0,1.0,0.0,0.0,95.0,73.0,15.0,49.0,-0.19699999999999998
2019-08-25,5.0,61.0,15.0,94.0,5.0,11.0,10.0,15.0,1.0,0.0,3.0,133.0,68.0,11.0,46.0,-0.11315
2019-08-26,10.0,90.0,24.0,102.0,11.0,3.0,23.0,11.0,4.0,1.0,2.0,163.0,57.0,11.0,72.0,0.0
2019-08-27,9.0,97.0,20.0,97.0,15.0,3.0,14.0,11.0,1.0,1.0,5.0,141.0,87.0,14.0,58.0,-0.14832499999999998
2019-08-28,11.0,107.0,32.0,124.0,22.0,11.0,17.0,14.0,3.0,1.0,1.0,176.0,97.0,16.0,71.0,-0.2841
2019-08-29,16.0,89.0,32.0,148.0,19.0,5.0,18.0,10.0,3.0,5.0,3.0,154.0,90.0,13.0,71.0,0.4967
2019-08-30,12.0,67.0,25.0,79.0,12.0,1.0,18.0,10.0,3.0,4.0,0.0,125.0,81.0,19.0,60.0,-0.03423333333333333
2019-08-31,15.0,53.0,14.0,55.0,17.0,1.0,5.0,7.0,3.0,2.0,1.0,110.0,65.0,9.0,50.0,-0.11315
2019-09-01,7.0,75.0,27.0,53.0,15.0,7.0,15.0,11.0,1.0,0.0,3.0,99.0,54.0,10.0,51.0,-0.030666666666666675
2019-09-02,11.0,92.0,32.0,94.0,17.0,4.0,14.0,14.0,5.0,2.0,1.0,197.0,77.0,17.0,57.0,0.154325
2019-09-03,5.0,94.0,45.0,82.0,17.0,9.0,18.0,15.0,2.0,1.0,7.0,218.0,103.0,18.0,74.0,0.02475
2019-09-04,12.0,76.0,24.0,83.0,16.0,1.0,18.0,7.0,1.0,2.0,4.0,178.0,93.0,15.0,58.0,-0.028599999999999997
2019-09-05,8.0,77.0,23.0,74.0,18.0,3.0,13.0,13.0,1.0,0.0,4.0,140.0,81.0,16.0,60.0,-0.12135000000000001
2019-09-06,23.0,98.0,42.0,79.0,25.0,9.0,15.0,8.0,2.0,0.0,2.0,229.0,88.0,16.0,63.0,-0.17495
2019-09-07,18.0,61.0,20.0,53.0,19.0,6.0,10.0,6.0,1.0,2.0,3.0,96.0,60.0,8.0,51.0,0.34735
2019-09-08,12.0,61.0,14.0,70.0,5.0,4.0,9.0,4.0,8.0,2.0,2.0,100.0,49.0,5.0,37.0,-0.3495333333333333
2019-09-09,13.0,74.0,18.0,80.0,18.0,3.0,13.0,12.0,4.0,0.0,3.0,136.0,73.0,12.0,64.0,0.0386
2019-09-10,12.0,94.0,27.0,73.0,10.0,3.0,20.0,9.0,5.0,0.0,2.0,143.0,79.0,14.0,44.0,-0.3758666666666666
2019-09-11,7.0,67.0,27.0,111.0,8.0,1.0,10.0,4.0,5.0,1.0,1.0,128.0,64.0,12.0,57.0,-0.1591
2019-09-12,9.0,62.0,25.0,69.0,21.0,3.0,15.0,14.0,3.0,0.0,0.0,129.0,85.0,8.0,64.0,-0.17
2019-09-13,8.0,80.0,13.0,61.0,11.0,2.0,10.0,5.0,2.0,0.0,3.0,122.0,68.0,15.0,39.0,-0.5574
2019-09-14,3.0,40.0,7.0,30.0,10.0,3.0,8.0,5.0,0.0,1.0,1.0,101.0,50.0,7.0,39.0,-0.42873333333333336
2019-09-15,10.0,69.0,13.0,33.0,23.0,2.0,8.0,5.0,0.0,0.0,0.0,104.0,62.0,8.0,31.0,-0.4063
2019-09-16,9.0,69.0,22.0,60.0,11.0,2.0,14.0,11.0,2.0,0.0,5.0,155.0,71.0,9.0,50.0,0.36005
2019-09-19,18.0,95.0,40.0,104.0,15.0,2.0,26.0,13.0,0.0,3.0,1.0,159.0,76.0,13.0,71.0,0.148
2019-09-20,2.0,73.0,16.0,49.0,20.0,1.0,14.0,7.0,0.0,2.0,1.0,129.0,86.0,17.0,55.0,0.17
2019-09-21,8.0,51.0,27.0,46.0,6.0,3.0,16.0,9.0,7.0,0.0,1.0,87.0,51.0,12.0,33.0,0.0258
2019-09-22,5.0,62.0,14.0,63.0,12.0,3.0,17.0,1.0,4.0,3.0,2.0,116.0,67.0,11.0,40.0,0.18964999999999999
2019-09-23,7.0,69.0,29.0,111.0,10.0,3.0,14.0,9.0,3.0,2.0,1.0,129.0,101.0,15.0,71.0,0.089475
2019-09-24,15.0,143.0,37.0,161.0,12.0,6.0,34.0,29.0,2.0,5.0,5.0,202.0,81.0,15.0,91.0,-0.10606666666666666
2019-09-25,16.0,129.0,31.0,159.0,11.0,2.0,28.0,9.0,4.0,0.0,1.0,188.0,66.0,14.0,74.0,-0.094075
2019-09-26,13.0,122.0,23.0,172.0,18.0,8.0,39.0,19.0,4.0,9.0,3.0,197.0,68.0,17.0,68.0,-0.064
2019-09-27,8.0,98.0,27.0,86.0,14.0,2.0,20.0,8.0,5.0,2.0,1.0,154.0,72.0,11.0,54.0,-0.3454
2019-09-28,5.0,63.0,27.0,61.0,12.0,3.0,13.0,14.0,2.0,1.0,2.0,92.0,44.0,13.0,41.0,-0.49565000000000003
2019-09-29,2.0,45.0,19.0,66.0,16.0,3.0,6.0,6.0,3.0,0.0,0.0,97.0,36.0,7.0,30.0,-0.12536666666666668
2019-09-30,8.0,73.0,22.0,90.0,22.0,0.0,21.0,14.0,1.0,3.0,2.0,161.0,50.0,13.0,47.0,-0.37095
2019-10-01,8.0,77.0,20.0,63.0,6.0,0.0,12.0,9.0,3.0,2.0,0.0,131.0,53.0,11.0,41.0,-0.037950000000000005
2019-10-02,6.0,57.0,19.0,46.0,6.0,1.0,19.0,7.0,1.0,2.0,2.0,94.0,50.0,10.0,49.0,-0.46625000000000005
2019-10-03,7.0,100.0,18.0,63.0,14.0,1.0,18.0,10.0,3.0,2.0,0.0,116.0,64.0,11.0,57.0,-0.064
2019-10-04,1.0,65.0,8.0,57.0,7.0,0.0,14.0,10.0,3.0,1.0,1.0,96.0,48.0,15.0,48.0,0.0513
2019-10-05,10.0,55.0,12.0,50.0,14.0,0.0,13.0,11.0,2.0,1.0,2.0,95.0,43.0,6.0,34.0,-0.2628
2019-10-06,9.0,57.0,24.0,89.0,9.0,4.0,11.0,7.0,1.0,2.0,0.0,113.0,49.0,15.0,36.0,-0.21075000000000002
2019-10-07,8.0,84.0,25.0,112.0,14.0,8.0,17.0,11.0,2.0,4.0,2.0,196.0,72.0,12.0,59.0,0.218175
2019-10-08,8.0,79.0,22.0,70.0,8.0,3.0,13.0,6.0,0.0,0.0,1.0,129.0,69.0,14.0,55.0,-0.4874
2019-10-09,11.0,88.0,43.0,44.0,17.0,2.0,10.0,10.0,3.0,0.0,1.0,176.0,82.0,15.0,73.0,-0.06743333333333333
2019-10-10,7.0,64.0,17.0,32.0,12.0,1.0,16.0,11.0,1.0,2.0,1.0,126.0,63.0,18.0,58.0,-0.1909
2019-10-11,6.0,45.0,27.0,72.0,13.0,1.0,14.0,6.0,2.0,2.0,2.0,110.0,61.0,15.0,46.0,0.0129
2019-10-12,7.0,44.0,12.0,33.0,11.0,4.0,10.0,1.0,0.0,0.0,2.0,79.0,42.0,8.0,37.0,0.08780000000000002
2019-10-13,5.0,57.0,11.0,35.0,6.0,1.0,8.0,6.0,4.0,0.0,0.0,108.0,36.0,10.0,27.0,0.0
2019-10-14,8.0,63.0,17.0,57.0,15.0,3.0,14.0,9.0,0.0,0.0,3.0,126.0,52.0,8.0,25.0,-0.13770000000000002
2019-10-15,14.0,72.0,18.0,66.0,10.0,4.0,21.0,11.0,2.0,2.0,2.0,114.0,80.0,12.0,36.0,0.1547
2019-10-16,11.0,84.0,18.0,109.0,17.0,1.0,19.0,9.0,3.0,3.0,1.0,114.0,62.0,15.0,45.0,-0.033966666666666666
2019-10-17,6.0,97.0,20.0,78.0,15.0,3.0,20.0,9.0,3.0,0.0,2.0,104.0,82.0,16.0,57.0,-0.14055
2019-10-18,5.0,77.0,15.0,63.0,5.0,1.0,16.0,6.0,2.0,0.0,2.0,116.0,64.0,9.0,34.0,0.08895
2019-10-19,8.0,53.0,18.0,62.0,11.0,3.0,23.0,11.0,1.0,0.0,3.0,67.0,57.0,22.0,46.0,-0.0864
2019-10-20,4.0,60.0,12.0,63.0,10.0,1.0,13.0,8.0,2.0,1.0,1.0,101.0,64.0,10.0,39.0,-0.11715
2019-10-21,9.0,56.0,17.0,32.0,18.0,3.0,10.0,8.0,2.0,2.0,0.0,98.0,49.0,7.0,49.0,0.0
2019-10-22,9.0,76.0,20.0,44.0,12.0,5.0,14.0,15.0,1.0,0.0,2.0,105.0,68.0,10.0,46.0,-0.0386
2019-10-23,12.0,94.0,25.0,159.0,18.0,6.0,23.0,18.0,0.0,1.0,1.0,151.0,74.0,20.0,75.0,0.0
2019-10-24,5.0,83.0,29.0,87.0,11.0,2.0,18.0,10.0,3.0,3.0,2.0,134.0,68.0,12.0,69.0,0.0
2019-10-25,18.0,114.0,36.0,114.0,16.0,3.0,14.0,23.0,3.0,4.0,4.0,196.0,73.0,34.0,90.0,0.0828
2019-10-26,25.0,129.0,41.0,95.0,24.0,4.0,29.0,49.0,4.0,2.0,0.0,220.0,74.0,35.0,110.0,-0.2263
2019-10-27,18.0,87.0,27.0,47.0,21.0,2.0,19.0,12.0,1.0,0.0,3.0,135.0,65.0,12.0,51.0,0.14049999999999999
2019-10-28,18.0,100.0,35.0,64.0,18.0,2.0,13.0,5.0,3.0,0.0,2.0,149.0,78.0,7.0,55.0,0.4215
2019-10-29,13.0,75.0,23.0,54.0,20.0,2.0,9.0,12.0,0.0,1.0,3.0,143.0,84.0,10.0,65.0,-0.23263333333333333
2019-10-30,12.0,67.0,18.0,49.0,13.0,3.0,12.0,2.0,4.0,0.0,2.0,108.0,70.0,18.0,51.0,-0.18414999999999998
2019-10-31,8.0,85.0,22.0,56.0,18.0,3.0,22.0,4.0,1.0,0.0,1.0,129.0,80.0,93.0,54.0,0.4404
2019-11-01,6.0,55.0,23.0,51.0,10.0,2.0,12.0,5.0,3.0,0.0,3.0,91.0,48.0,22.0,31.0,-0.1909
2019-11-02,4.0,47.0,12.0,33.0,12.0,2.0,7.0,10.0,0.0,0.0,1.0,74.0,48.0,15.0,36.0,0.23835
2019-11-03,4.0,57.0,11.0,33.0,6.0,4.0,8.0,5.0,1.0,1.0,1.0,83.0,49.0,14.0,38.0,-0.156
2019-11-04,10.0,77.0,23.0,41.0,11.0,1.0,14.0,11.0,2.0,1.0,1.0,158.0,66.0,13.0,50.0,-0.765
2019-11-05,9.0,72.0,19.0,44.0,8.0,2.0,12.0,11.0,0.0,1.0,2.0,142.0,56.0,8.0,34.0,0.0
2019-11-06,7.0,63.0,23.0,24.0,9.0,3.0,10.0,5.0,2.0,1.0,2.0,145.0,64.0,5.0,54.0,0.1468
2019-11-07,7.0,54.0,22.0,60.0,12.0,2.0,20.0,6.0,1.0,1.0,1.0,107.0,63.0,9.0,46.0,0.31070000000000003
2019-11-08,11.0,86.0,22.0,105.0,10.0,3.0,34.0,10.0,1.0,2.0,6.0,131.0,72.0,5.0,55.0,-0.2202
2019-11-09,9.0,59.0,12.0,72.0,17.0,4.0,15.0,5.0,0.0,1.0,1.0,91.0,58.0,8.0,26.0,0.16463333333333333
2019-11-10,9.0,73.0,25.0,43.0,16.0,1.0,11.0,8.0,1.0,2.0,1.0,124.0,65.0,7.0,38.0,-0.39035
2019-11-12,13.0,68.0,31.0,67.0,14.0,1.0,10.0,7.0,4.0,1.0,0.0,127.0,48.0,15.0,53.0,0.07773333333333333
2019-11-13,12.0,61.0,20.0,38.0,7.0,3.0,10.0,7.0,1.0,0.0,3.0,110.0,52.0,5.0,42.0,0.5795
2019-11-14,7.0,76.0,25.0,54.0,7.0,1.0,14.0,5.0,0.0,2.0,1.0,135.0,46.0,10.0,58.0,-0.23565
2019-11-15,7.0,88.0,16.0,69.0,8.0,0.0,13.0,11.0,1.0,0.0,0.0,159.0,61.0,14.0,47.0,0.043833333333333314
2019-11-16,4.0,46.0,12.0,40.0,3.0,4.0,11.0,10.0,2.0,1.0,0.0,81.0,46.0,11.0,38.0,0.030949999999999978
2019-11-17,8.0,52.0,17.0,43.0,8.0,4.0,9.0,4.0,1.0,2.0,1.0,88.0,33.0,8.0,44.0,0.2202
2019-11-18,10.0,70.0,33.0,76.0,13.0,2.0,13.0,5.0,3.0,0.0,2.0,142.0,46.0,10.0,48.0,-0.105375
2019-11-19,10.0,74.0,20.0,108.0,14.0,1.0,13.0,6.0,5.0,1.0,2.0,136.0,54.0,8.0,51.0,-0.09896666666666666
2019-11-20,7.0,93.0,15.0,57.0,11.0,2.0,8.0,12.0,4.0,3.0,1.0,129.0,71.0,12.0,59.0,-0.12726666666666667
2019-11-21,15.0,112.0,24.0,128.0,26.0,4.0,23.0,16.0,4.0,1.0,4.0,175.0,88.0,19.0,81.0,0.0
2019-11-22,14.0,136.0,32.0,119.0,19.0,5.0,27.0,26.0,3.0,7.0,3.0,205.0,64.0,19.0,67.0,-0.2006
2019-11-23,2.0,47.0,20.0,63.0,13.0,0.0,10.0,12.0,1.0,1.0,3.0,91.0,49.0,17.0,46.0,0.0
2019-11-24,6.0,59.0,21.0,61.0,6.0,4.0,11.0,13.0,0.0,2.0,0.0,87.0,24.0,13.0,26.0,-0.06337499999999999
2019-11-25,17.0,105.0,34.0,143.0,17.0,6.0,30.0,21.0,4.0,4.0,0.0,168.0,62.0,20.0,77.0,0.13396666666666665
2019-11-26,11.0,58.0,23.0,75.0,7.0,4.0,16.0,21.0,2.0,0.0,1.0,117.0,59.0,13.0,55.0,-0.12726666666666667
2019-11-27,15.0,86.0,23.0,80.0,15.0,6.0,21.0,12.0,0.0,3.0,3.0,155.0,65.0,21.0,53.0,0.08686666666666669
2019-11-28,10.0,65.0,18.0,43.0,8.0,4.0,14.0,12.0,2.0,2.0,2.0,93.0,68.0,27.0,31.0,0.0
2019-11-29,16.0,71.0,17.0,45.0,11.0,3.0,10.0,6.0,4.0,0.0,4.0,122.0,40.0,15.0,31.0,0.03966666666666666
2019-11-30,6.0,63.0,13.0,48.0,5.0,3.0,7.0,6.0,0.0,0.0,0.0,90.0,30.0,9.0,24.0,-0.09866666666666667
2019-12-01,7.0,60.0,14.0,59.0,8.0,0.0,3.0,5.0,1.0,2.0,0.0,94.0,42.0,7.0,22.0,-0.1333666666666667
2019-12-02,9.0,49.0,11.0,71.0,10.0,1.0,8.0,7.0,1.0,0.0,2.0,76.0,50.0,5.0,28.0,0.211575
2019-12-03,9.0,60.0,19.0,53.0,8.0,2.0,11.0,7.0,2.0,0.0,2.0,93.0,48.0,13.0,37.0,-0.1806
2019-12-04,8.0,100.0,21.0,84.0,16.0,4.0,24.0,17.0,0.0,3.0,2.0,148.0,57.0,15.0,73.0,0.1468
2019-12-05,3.0,59.0,23.0,43.0,20.0,5.0,10.0,5.0,5.0,0.0,1.0,105.0,78.0,14.0,42.0,0.06275
2019-12-06,9.0,63.0,23.0,38.0,14.0,6.0,10.0,14.0,7.0,0.0,1.0,106.0,54.0,15.0,53.0,-0.3041666666666667
2019-12-07,5.0,51.0,9.0,29.0,11.0,5.0,10.0,4.0,1.0,0.0,1.0,96.0,55.0,10.0,30.0,-0.09920000000000001
2019-12-08,5.0,44.0,12.0,32.0,7.0,1.0,2.0,8.0,1.0,1.0,2.0,65.0,35.0,4.0,27.0,0.20095
2019-12-09,8.0,82.0,21.0,38.0,17.0,1.0,8.0,8.0,7.0,1.0,1.0,114.0,52.0,9.0,41.0,-0.064
2019-12-10,9.0,70.0,23.0,56.0,12.0,2.0,16.0,8.0,4.0,3.0,0.0,93.0,65.0,9.0,56.0,0.40835
2019-12-11,5.0,46.0,19.0,49.0,15.0,6.0,8.0,10.0,1.0,0.0,2.0,82.0,65.0,7.0,49.0,-0.1589
2019-12-12,8.0,70.0,18.0,54.0,13.0,3.0,16.0,11.0,2.0,1.0,4.0,107.0,63.0,21.0,48.0,-0.5423
2019-12-13,11.0,63.0,17.0,42.0,12.0,2.0,11.0,14.0,0.0,0.0,0.0,113.0,76.0,13.0,45.0,0.0
2019-12-14,8.0,53.0,11.0,58.0,8.0,2.0,5.0,7.0,3.0,0.0,1.0,82.0,39.0,9.0,34.0,0.0
2019-12-15,5.0,38.0,9.0,40.0,12.0,3.0,6.0,6.0,0.0,0.0,1.0,46.0,35.0,5.0,32.0,-0.05429999999999999
2019-12-16,8.0,86.0,20.0,84.0,15.0,0.0,12.0,6.0,4.0,2.0,0.0,115.0,51.0,6.0,41.0,0.5264333333333333
2019-12-17,9.0,99.0,24.0,126.0,17.0,4.0,19.0,12.0,2.0,2.0,3.0,143.0,77.0,18.0,60.0,-0.3612
2019-12-18,5.0,102.0,21.0,119.0,15.0,8.0,13.0,16.0,2.0,0.0,8.0,181.0,69.0,12.0,47.0,-0.5994
2019-12-19,16.0,72.0,25.0,65.0,15.0,4.0,7.0,9.0,3.0,0.0,1.0,137.0,46.0,5.0,52.0,0.22343333333333334
2019-12-20,9.0,43.0,31.0,43.0,6.0,3.0,13.0,7.0,4.0,1.0,2.0,85.0,44.0,14.0,31.0,-0.25797499999999995
2019-12-21,11.0,54.0,11.0,37.0,15.0,3.0,13.0,0.0,1.0,1.0,0.0,71.0,41.0,11.0,28.0,-0.37495
2019-12-22,7.0,55.0,22.0,35.0,10.0,1.0,2.0,3.0,1.0,1.0,0.0,92.0,42.0,7.0,35.0,0.3182
2019-12-23,6.0,93.0,25.0,64.0,8.0,6.0,11.0,5.0,1.0,0.0,0.0,171.0,59.0,17.0,46.0,-0.03410000000000002
2019-12-24,8.0,56.0,19.0,35.0,12.0,2.0,6.0,6.0,0.0,0.0,2.0,79.0,59.0,16.0,39.0,0.1027
2019-12-25,1.0,30.0,15.0,18.0,11.0,2.0,4.0,5.0,2.0,0.0,2.0,50.0,47.0,21.0,26.0,0.0
2019-12-26,10.0,64.0,15.0,34.0,18.0,0.0,12.0,7.0,0.0,1.0,0.0,80.0,53.0,15.0,31.0,-0.26335
2019-12-27,9.0,62.0,21.0,52.0,18.0,1.0,12.0,7.0,1.0,1.0,1.0,99.0,38.0,7.0,27.0,0.165275
2019-12-28,8.0,44.0,12.0,29.0,10.0,2.0,6.0,5.0,0.0,0.0,3.0,93.0,52.0,3.0,26.0,-0.20650000000000002
2019-12-29,4.0,60.0,13.0,52.0,6.0,3.0,12.0,7.0,1.0,0.0,0.0,125.0,44.0,13.0,42.0,0.0
2019-12-30,9.0,52.0,14.0,53.0,17.0,1.0,7.0,5.0,3.0,0.0,2.0,94.0,66.0,10.0,35.0,0.0
2019-12-31,4.0,55.0,18.0,33.0,4.0,4.0,7.0,7.0,0.0,1.0,1.0,85.0,66.0,56.0,46.0,0.0
2020-01-02,4.0,65.0,17.0,86.0,14.0,4.0,6.0,6.0,0.0,1.0,0.0,145.0,64.0,18.0,50.0,0.11199999999999999
2020-01-03,20.0,65.0,38.0,42.0,8.0,5.0,16.0,8.0,0.0,0.0,1.0,127.0,59.0,82.0,61.0,0.26335
2020-01-04,5.0,64.0,14.0,36.0,14.0,6.0,10.0,15.0,3.0,0.0,2.0,73.0,56.0,21.0,52.0,-0.29333333333333333
2020-01-05,11.0,53.0,21.0,29.0,15.0,2.0,14.0,11.0,5.0,0.0,1.0,105.0,70.0,9.0,50.0,0.37985
2020-01-06,17.0,80.0,34.0,44.0,16.0,3.0,17.0,2.0,3.0,0.0,2.0,169.0,86.0,15.0,64.0,-0.15253333333333333
2020-01-07,21.0,99.0,26.0,67.0,15.0,6.0,21.0,10.0,0.0,0.0,1.0,235.0,68.0,16.0,82.0,0.12645
2020-01-08,28.0,116.0,26.0,77.0,19.0,2.0,16.0,8.0,4.0,0.0,0.0,231.0,69.0,14.0,69.0,0.36345
2020-01-09,15.0,90.0,16.0,43.0,12.0,5.0,24.0,11.0,3.0,0.0,1.0,166.0,76.0,12.0,43.0,0.11315
2020-01-10,9.0,65.0,32.0,43.0,10.0,1.0,14.0,13.0,1.0,0.0,0.0,140.0,67.0,12.0,44.0,0.064
2020-01-11,6.0,76.0,17.0,37.0,11.0,3.0,9.0,7.0,2.0,0.0,0.0,117.0,64.0,7.0,38.0,0.09866666666666667
2020-01-12,4.0,52.0,11.0,33.0,11.0,0.0,11.0,3.0,0.0,0.0,2.0,102.0,53.0,14.0,31.0,0.16455
2020-01-13,14.0,65.0,24.0,42.0,12.0,2.0,7.0,14.0,1.0,1.0,2.0,115.0,51.0,13.0,48.0,0.1468
2020-01-14,25.0,128.0,35.0,73.0,16.0,7.0,16.0,23.0,4.0,2.0,2.0,287.0,95.0,18.0,107.0,0.08789999999999999
2020-01-15,19.0,99.0,20.0,45.0,9.0,3.0,14.0,21.0,4.0,0.0,0.0,178.0,74.0,16.0,57.0,-0.07543333333333334
2020-01-16,12.0,65.0,16.0,35.0,10.0,1.0,13.0,7.0,0.0,0.0,1.0,132.0,52.0,13.0,48.0,-0.7269
2020-01-17,11.0,82.0,22.0,52.0,2.0,3.0,12.0,7.0,3.0,2.0,0.0,154.0,68.0,15.0,51.0,0.21230000000000002
2020-01-18,7.0,71.0,15.0,34.0,11.0,3.0,10.0,4.0,0.0,0.0,3.0,113.0,51.0,11.0,35.0,0.0593
2020-01-19,16.0,86.0,31.0,56.0,9.0,3.0,17.0,16.0,2.0,3.0,0.0,152.0,50.0,10.0,62.0,0.0386
2020-01-20,3.0,99.0,23.0,61.0,10.0,3.0,11.0,6.0,1.0,2.0,1.0,138.0,54.0,8.0,46.0,-0.351825
2020-01-21,7.0,83.0,21.0,52.0,8.0,3.0,14.0,11.0,2.0,0.0,0.0,147.0,53.0,9.0,50.0,0.0
2020-01-22,20.0,91.0,10.0,46.0,10.0,3.0,5.0,6.0,0.0,0.0,0.0,141.0,52.0,8.0,41.0,-0.296
2020-01-23,8.0,94.0,31.0,54.0,13.0,6.0,10.0,7.0,3.0,2.0,0.0,134.0,58.0,20.0,51.0,0.20379999999999998
2020-01-24,11.0,94.0,9.0,67.0,4.0,2.0,16.0,9.0,2.0,2.0,1.0,159.0,59.0,14.0,49.0,0.2322
2020-01-25,6.0,66.0,15.0,30.0,4.0,4.0,5.0,6.0,0.0,0.0,0.0,96.0,38.0,8.0,29.0,0.0
2020-01-26,3.0,74.0,14.0,38.0,8.0,2.0,5.0,3.0,2.0,0.0,1.0,164.0,36.0,5.0,35.0,0.0
2020-01-27,12.0,84.0,33.0,51.0,7.0,4.0,13.0,10.0,1.0,1.0,2.0,200.0,58.0,15.0,55.0,-0.09106666666666667
2020-01-28,15.0,123.0,32.0,59.0,14.0,0.0,25.0,14.0,0.0,1.0,0.0,239.0,64.0,18.0,57.0,0.10726666666666666
2020-01-29,12.0,110.0,22.0,42.0,10.0,3.0,19.0,15.0,1.0,0.0,1.0,200.0,61.0,21.0,58.0,0.020925
2020-01-30,18.0,109.0,24.0,64.0,14.0,5.0,19.0,14.0,0.0,2.0,2.0,225.0,68.0,12.0,58.0,0.1416
2020-01-31,10.0,96.0,17.0,58.0,7.0,3.0,18.0,19.0,3.0,1.0,0.0,184.0,72.0,11.0,61.0,-0.1147
2020-02-01,9.0,85.0,11.0,43.0,22.0,4.0,7.0,12.0,1.0,4.0,2.0,157.0,48.0,6.0,24.0,-0.1366
2020-02-02,9.0,63.0,26.0,55.0,10.0,1.0,12.0,14.0,3.0,2.0,1.0,158.0,70.0,15.0,72.0,0.042375
2020-02-03,9.0,72.0,23.0,61.0,11.0,4.0,17.0,4.0,4.0,2.0,0.0,198.0,53.0,8.0,65.0,-0.3523
2020-02-04,15.0,77.0,15.0,47.0,12.0,4.0,10.0,12.0,3.0,0.0,0.0,154.0,61.0,12.0,71.0,-0.765
2020-02-05,20.0,95.0,22.0,54.0,9.0,6.0,7.0,10.0,1.0,0.0,0.0,227.0,58.0,20.0,88.0,0.26335
2020-02-06,20.0,87.0,27.0,44.0,13.0,2.0,12.0,11.0,2.0,0.0,4.0,204.0,81.0,14.0,71.0,0.13396666666666665
2020-02-07,10.0,68.0,15.0,48.0,15.0,1.0,8.0,13.0,3.0,2.0,1.0,131.0,51.0,15.0,51.0,0.0
2020-02-08,13.0,69.0,23.0,33.0,9.0,4.0,8.0,5.0,0.0,2.0,2.0,110.0,46.0,13.0,34.0,0.0
2020-02-09,27.0,92.0,21.0,35.0,10.0,2.0,13.0,22.0,3.0,0.0,0.0,201.0,77.0,20.0,87.0,0.57035
2020-02-10,21.0,102.0,30.0,86.0,16.0,2.0,20.0,15.0,1.0,2.0,2.0,190.0,64.0,16.0,67.0,-0.1822
2020-02-11,21.0,96.0,20.0,53.0,10.0,1.0,17.0,8.0,3.0,3.0,1.0,195.0,51.0,15.0,58.0,0.1591
2020-02-12,24.0,92.0,17.0,34.0,11.0,4.0,16.0,14.0,4.0,1.0,1.0,203.0,83.0,14.0,76.0,0.0
2020-02-13,16.0,79.0,19.0,70.0,16.0,6.0,20.0,11.0,1.0,2.0,2.0,141.0,72.0,24.0,69.0,-0.3818
2020-02-14,17.0,90.0,25.0,43.0,8.0,4.0,14.0,9.0,1.0,3.0,1.0,147.0,76.0,35.0,51.0,0.0928
2020-02-15,7.0,66.0,13.0,49.0,16.0,1.0,6.0,12.0,5.0,2.0,0.0,124.0,56.0,17.0,51.0,-0.1909
2020-02-16,7.0,67.0,24.0,49.0,8.0,5.0,11.0,7.0,1.0,7.0,2.0,129.0,40.0,4.0,40.0,-0.05103333333333334
2020-02-17,8.0,104.0,33.0,70.0,7.0,4.0,24.0,10.0,2.0,5.0,3.0,186.0,62.0,12.0,60.0,-0.4215
2020-02-18,9.0,102.0,21.0,44.0,7.0,2.0,10.0,5.0,2.0,2.0,0.0,225.0,56.0,11.0,58.0,-0.0386
2020-02-19,8.0,102.0,45.0,63.0,18.0,2.0,21.0,12.0,5.0,4.0,2.0,180.0,86.0,9.0,78.0,0.0
2020-02-20,15.0,93.0,25.0,81.0,9.0,4.0,13.0,11.0,1.0,2.0,0.0,169.0,69.0,12.0,78.0,-0.222275
2020-02-21,8.0,76.0,18.0,57.0,6.0,1.0,12.0,6.0,1.0,0.0,0.0,148.0,62.0,13.0,46.0,-0.6124
2020-02-22,11.0,45.0,6.0,40.0,9.0,1.0,8.0,6.0,1.0,0.0,3.0,89.0,23.0,6.0,38.0,0.0
2020-02-23,6.0,62.0,19.0,33.0,13.0,4.0,7.0,8.0,2.0,1.0,2.0,130.0,44.0,19.0,37.0,-0.1591
2020-02-24,12.0,107.0,26.0,83.0,8.0,2.0,20.0,20.0,5.0,1.0,2.0,163.0,67.0,13.0,46.0,0.13935
2020-02-25,9.0,89.0,22.0,79.0,8.0,6.0,22.0,5.0,1.0,1.0,2.0,139.0,79.0,11.0,63.0,-0.03423333333333333
2020-02-26,11.0,139.0,22.0,98.0,11.0,3.0,24.0,18.0,3.0,4.0,4.0,201.0,61.0,14.0,54.0,-0.2615
2020-02-27,4.0,83.0,18.0,85.0,12.0,3.0,13.0,7.0,1.0,1.0,2.0,138.0,64.0,18.0,45.0,-0.05385000000000001
2020-02-28,9.0,79.0,24.0,85.0,8.0,5.0,22.0,7.0,2.0,3.0,1.0,135.0,49.0,14.0,46.0,0.1909
2020-02-29,2.0,51.0,15.0,49.0,5.0,2.0,14.0,5.0,2.0,0.0,1.0,89.0,42.0,7.0,32.0,-0.4477
2020-03-01,4.0,52.0,19.0,56.0,2.0,0.0,9.0,2.0,1.0,2.0,0.0,102.0,37.0,11.0,23.0,0.0
2020-03-02,7.0,73.0,18.0,58.0,6.0,1.0,11.0,4.0,1.0,1.0,2.0,152.0,53.0,13.0,33.0,-0.4019
2020-03-03,9.0,66.0,19.0,47.0,14.0,0.0,23.0,4.0,1.0,2.0,3.0,106.0,53.0,10.0,52.0,0.042666666666666665
2020-03-04,11.0,65.0,25.0,30.0,8.0,4.0,13.0,15.0,5.0,2.0,0.0,123.0,55.0,8.0,47.0,0.26335
2020-03-05,8.0,63.0,23.0,47.0,8.0,4.0,14.0,10.0,7.0,0.0,1.0,159.0,60.0,14.0,54.0,-0.041200000000000014
2020-03-06,7.0,50.0,16.0,42.0,9.0,1.0,15.0,4.0,2.0,0.0,0.0,96.0,51.0,11.0,30.0,0.16463333333333333
2020-03-07,7.0,37.0,15.0,45.0,8.0,2.0,18.0,8.0,2.0,1.0,0.0,100.0,44.0,6.0,31.0,0.0
2020-03-08,6.0,73.0,24.0,94.0,10.0,3.0,14.0,9.0,0.0,3.0,2.0,137.0,34.0,10.0,39.0,-0.10606666666666666
2020-03-09,4.0,125.0,34.0,143.0,16.0,4.0,48.0,18.0,4.0,18.0,1.0,187.0,82.0,19.0,69.0,-0.8019000000000001
2020-03-10,8.0,86.0,27.0,79.0,11.0,7.0,16.0,12.0,4.0,6.0,0.0,119.0,52.0,12.0,49.0,0.07244999999999999
2020-03-11,10.0,71.0,22.0,64.0,8.0,6.0,15.0,8.0,4.0,8.0,2.0,123.0,45.0,12.0,47.0,-0.021199999999999997
2020-03-12,15.0,181.0,67.0,219.0,22.0,7.0,41.0,34.0,6.0,34.0,3.0,237.0,101.0,28.0,129.0,0.4019
2020-03-13,21.0,180.0,50.0,143.0,31.0,11.0,39.0,43.0,1.0,24.0,3.0,232.0,122.0,23.0,139.0,-0.1806
2020-03-14,3.0,67.0,18.0,84.0,20.0,2.0,25.0,16.0,3.0,5.0,0.0,111.0,64.0,10.0,31.0,-0.021733333333333344
2020-03-15,10.0,81.0,39.0,89.0,17.0,5.0,28.0,14.0,2.0,5.0,3.0,130.0,68.0,21.0,52.0,0.24695
2020-03-16,5.0,98.0,23.0,87.0,18.0,1.0,22.0,12.0,3.0,8.0,2.0,119.0,70.0,9.0,54.0,0.11333333333333334
2020-03-17,8.0,82.0,29.0,75.0,13.0,3.0,14.0,8.0,2.0,4.0,1.0,148.0,79.0,13.0,59.0,-0.3291
2020-03-18,12.0,105.0,31.0,89.0,18.0,4.0,29.0,16.0,1.0,10.0,6.0,151.0,83.0,18.0,72.0,0.4169666666666667
2020-03-19,21.0,114.0,35.0,81.0,16.0,4.0,18.0,20.0,4.0,4.0,1.0,218.0,78.0,16.0,83.0,-0.3637
2020-03-20,19.0,91.0,35.0,76.0,15.0,6.0,15.0,13.0,1.0,6.0,1.0,192.0,56.0,14.0,61.0,-0.148075
2020-03-21,7.0,72.0,25.0,64.0,3.0,3.0,11.0,10.0,1.0,1.0,1.0,95.0,44.0,11.0,41.0,0.19063333333333332
2020-03-22,4.0,66.0,24.0,66.0,10.0,4.0,16.0,9.0,1.0,3.0,1.0,92.0,52.0,9.0,38.0,-0.39225
2020-03-23,5.0,84.0,25.0,88.0,13.0,2.0,11.0,11.0,2.0,5.0,3.0,153.0,83.0,15.0,56.0,0.2787
2020-03-24,4.0,89.0,24.0,69.0,18.0,4.0,27.0,4.0,4.0,1.0,3.0,186.0,51.0,8.0,59.0,0.0
2020-03-25,9.0,81.0,26.0,61.0,18.0,0.0,15.0,7.0,1.0,4.0,3.0,150.0,63.0,14.0,48.0,-0.3263
2020-03-26,13.0,77.0,29.0,105.0,11.0,2.0,12.0,6.0,1.0,7.0,4.0,144.0,48.0,17.0,49.0,0.0
2020-03-27,4.0,78.0,20.0,74.0,9.0,1.0,8.0,6.0,0.0,2.0,2.0,120.0,62.0,15.0,45.0,0.125
2020-03-28,9.0,58.0,22.0,92.0,10.0,3.0,17.0,9.0,0.0,1.0,3.0,111.0,47.0,8.0,31.0,-0.28635
2020-03-29,2.0,53.0,10.0,65.0,6.0,2.0,9.0,9.0,1.0,1.0,0.0,92.0,48.0,3.0,32.0,0.0781
2020-03-30,5.0,72.0,22.0,79.0,17.0,2.0,20.0,11.0,2.0,2.0,0.0,143.0,57.0,5.0,43.0,-0.12726666666666667
2020-03-31,8.0,51.0,21.0,50.0,6.0,1.0,11.0,7.0,2.0,0.0,0.0,135.0,41.0,10.0,28.0,-0.3228
2020-04-01,5.0,74.0,19.0,58.0,14.0,2.0,10.0,9.0,5.0,2.0,4.0,132.0,39.0,10.0,51.0,-0.10286666666666665
2020-04-02,17.0,113.0,30.0,104.0,18.0,3.0,14.0,17.0,8.0,1.0,1.0,200.0,77.0,17.0,73.0,0.14720000000000003
2020-04-03,5.0,75.0,22.0,59.0,15.0,1.0,15.0,14.0,1.0,3.0,0.0,135.0,54.0,14.0,45.0,-0.01017499999999999
2020-04-04,6.0,71.0,17.0,50.0,4.0,2.0,7.0,7.0,1.0,1.0,1.0,101.0,36.0,9.0,45.0,-0.32985
2020-04-05,3.0,66.0,8.0,37.0,7.0,0.0,7.0,7.0,2.0,0.0,1.0,92.0,30.0,12.0,26.0,-0.4404
2020-04-06,10.0,82.0,33.0,73.0,8.0,2.0,10.0,15.0,2.0,3.0,0.0,199.0,42.0,11.0,55.0,0.3601
2020-04-07,12.0,90.0,19.0,70.0,8.0,2.0,11.0,5.0,2.0,1.0,2.0,126.0,48.0,9.0,45.0,-0.17
2020-04-08,11.0,63.0,24.0,53.0,8.0,4.0,9.0,5.0,1.0,0.0,1.0,125.0,58.0,12.0,39.0,-0.19063333333333332
2020-04-09,8.0,76.0,22.0,47.0,7.0,1.0,23.0,11.0,1.0,1.0,0.0,132.0,42.0,11.0,51.0,-0.31020000000000003
2020-04-10,8.0,80.0,18.0,84.0,13.0,2.0,12.0,5.0,2.0,1.0,1.0,128.0,59.0,9.0,44.0,0.050575
2020-04-11,2.0,52.0,12.0,59.0,9.0,0.0,16.0,8.0,1.0,0.0,1.0,80.0,30.0,5.0,26.0,-0.4404
2020-04-12,2.0,67.0,17.0,60.0,9.0,2.0,5.0,3.0,0.0,0.0,1.0,97.0,40.0,16.0,40.0,-0.1531
2020-04-13,5.0,89.0,26.0,121.0,8.0,2.0,17.0,13.0,2.0,1.0,1.0,140.0,59.0,17.0,57.0,0.0
2020-04-14,6.0,74.0,14.0,97.0,10.0,2.0,15.0,6.0,0.0,1.0,0.0,133.0,52.0,9.0,52.0,-0.20835
2020-04-15,8.0,80.0,17.0,70.0,13.0,6.0,18.0,12.0,2.0,1.0,0.0,141.0,55.0,12.0,58.0,0.0
2020-04-16,13.0,105.0,46.0,109.0,5.0,8.0,13.0,14.0,4.0,2.0,2.0,192.0,67.0,9.0,74.0,0.2294
2020-04-17,9.0,85.0,29.0,66.0,5.0,1.0,7.0,11.0,0.0,2.0,4.0,159.0,46.0,14.0,48.0,0.0
2020-04-18,5.0,71.0,20.0,63.0,5.0,4.0,2.0,8.0,3.0,1.0,0.0,157.0,40.0,16.0,56.0,0.0193
2020-04-19,11.0,65.0,19.0,68.0,11.0,5.0,11.0,12.0,0.0,2.0,1.0,145.0,37.0,3.0,41.0,0.206775
2020-04-20,6.0,92.0,27.0,96.0,22.0,5.0,22.0,16.0,2.0,0.0,1.0,159.0,63.0,17.0,65.0,-0.205475
2020-04-21,14.0,64.0,16.0,84.0,9.0,3.0,9.0,11.0,3.0,0.0,0.0,131.0,48.0,10.0,47.0,0.19756666666666667
2020-04-22,7.0,73.0,16.0,77.0,11.0,2.0,11.0,9.0,2.0,1.0,1.0,149.0,53.0,13.0,62.0,-0.1486333333333333
2020-04-23,18.0,71.0,27.0,70.0,11.0,0.0,10.0,11.0,2.0,1.0,1.0,212.0,67.0,21.0,92.0,0.1216
2020-04-24,11.0,80.0,30.0,33.0,8.0,3.0,15.0,7.0,1.0,0.0,0.0,164.0,56.0,12.0,57.0,-0.13952499999999998
2020-04-25,11.0,71.0,19.0,47.0,14.0,1.0,8.0,5.0,1.0,0.0,1.0,140.0,55.0,11.0,47.0,-0.4215
2020-04-26,4.0,75.0,21.0,54.0,12.0,3.0,2.0,10.0,2.0,1.0,3.0,148.0,49.0,9.0,49.0,0.0
2020-04-27,6.0,90.0,23.0,43.0,9.0,0.0,17.0,7.0,3.0,0.0,1.0,183.0,58.0,11.0,53.0,-0.100475
2020-04-28,14.0,68.0,28.0,64.0,8.0,2.0,22.0,8.0,2.0,1.0,1.0,137.0,52.0,11.0,50.0,0.0
2020-04-29,47.0,123.0,55.0,87.0,15.0,5.0,17.0,17.0,2.0,1.0,0.0,360.0,104.0,36.0,135.0,0.09106666666666667
2020-04-30,42.0,127.0,34.0,113.0,5.0,0.0,14.0,16.0,3.0,3.0,1.0,228.0,79.0,25.0,114.0,0.0
2020-05-01,16.0,91.0,22.0,70.0,7.0,6.0,16.0,9.0,1.0,1.0,0.0,152.0,68.0,12.0,72.0,0.1366
2020-05-02,18.0,65.0,28.0,44.0,12.0,2.0,9.0,10.0,2.0,1.0,1.0,142.0,53.0,13.0,49.0,-0.1591
2020-05-03,3.0,69.0,21.0,44.0,12.0,1.0,14.0,9.0,3.0,0.0,1.0,148.0,52.0,8.0,60.0,-0.1909
2020-05-04,10.0,94.0,23.0,95.0,14.0,1.0,9.0,5.0,1.0,1.0,2.0,145.0,43.0,17.0,46.0,0.0
2020-05-05,12.0,89.0,32.0,66.0,17.0,1.0,12.0,5.0,2.0,1.0,1.0,147.0,78.0,22.0,60.0,0.210575
2020-05-06,16.0,106.0,31.0,64.0,12.0,0.0,15.0,9.0,2.0,0.0,1.0,227.0,82.0,23.0,64.0,0.02566666666666667
2020-05-07,52.0,119.0,47.0,100.0,15.0,2.0,22.0,18.0,3.0,2.0,3.0,293.0,118.0,22.0,127.0,-0.1531
2020-05-08,33.0,124.0,33.0,61.0,14.0,5.0,24.0,15.0,4.0,0.0,1.0,238.0,97.0,27.0,97.0,0.0
2020-05-09,24.0,103.0,22.0,60.0,19.0,3.0,20.0,18.0,2.0,1.0,1.0,171.0,101.0,24.0,64.0,0.135575
2020-05-10,23.0,103.0,35.0,114.0,17.0,2.0,16.0,19.0,1.0,4.0,1.0,205.0,74.0,24.0,80.0,0.0
2020-05-11,30.0,140.0,53.0,96.0,18.0,3.0,22.0,19.0,5.0,3.0,3.0,215.0,140.0,175.0,141.0,0.1858
2020-05-12,20.0,93.0,30.0,70.0,19.0,3.0,14.0,8.0,1.0,0.0,0.0,139.0,90.0,25.0,70.0,0.0
2020-05-13,14.0,86.0,37.0,64.0,17.0,2.0,14.0,14.0,4.0,1.0,1.0,169.0,68.0,16.0,73.0,-0.01695000000000002
2020-05-14,15.0,109.0,31.0,65.0,10.0,1.0,19.0,13.0,3.0,2.0,4.0,226.0,72.0,14.0,67.0,0.1366
2020-05-15,25.0,115.0,30.0,75.0,12.0,5.0,12.0,11.0,2.0,0.0,1.0,173.0,90.0,25.0,61.0,-0.1366
2020-05-16,9.0,98.0,27.0,46.0,27.0,4.0,16.0,17.0,1.0,0.0,2.0,127.0,77.0,23.0,65.0,-0.07466666666666666
2020-05-17,13.0,72.0,25.0,65.0,11.0,3.0,14.0,12.0,5.0,2.0,0.0,138.0,57.0,16.0,61.0,0.125
2020-05-18,17.0,80.0,29.0,63.0,19.0,1.0,8.0,8.0,4.0,0.0,1.0,169.0,76.0,18.0,48.0,0.087375
2020-05-19,14.0,59.0,22.0,55.0,7.0,5.0,13.0,9.0,2.0,3.0,4.0,147.0,47.0,15.0,46.0,0.0
2020-05-20,11.0,99.0,35.0,54.0,11.0,4.0,23.0,13.0,1.0,7.0,2.0,164.0,79.0,9.0,65.0,0.0
2020-05-22,14.0,80.0,29.0,51.0,11.0,3.0,13.0,11.0,1.0,2.0,0.0,145.0,58.0,154.0,56.0,-0.125
2020-05-23,6.0,65.0,19.0,40.0,6.0,5.0,9.0,5.0,0.0,0.0,2.0,72.0,56.0,29.0,38.0,0.0
2020-05-24,8.0,70.0,18.0,54.0,5.0,1.0,4.0,4.0,2.0,0.0,0.0,130.0,58.0,11.0,36.0,0.14156666666666667
2020-05-25,20.0,68.0,26.0,82.0,11.0,8.0,8.0,10.0,1.0,2.0,4.0,130.0,66.0,16.0,47.0,0.026399999999999996
2020-05-27,6.0,90.0,27.0,79.0,5.0,6.0,13.0,8.0,3.0,2.0,2.0,165.0,95.0,15.0,70.0,0.1806
2020-05-29,13.0,71.0,25.0,46.0,6.0,3.0,2.0,7.0,1.0,0.0,0.0,145.0,44.0,14.0,40.0,-0.130575
2020-05-30,7.0,54.0,14.0,37.0,7.0,2.0,5.0,7.0,2.0,1.0,0.0,139.0,48.0,8.0,32.0,-0.0812
2020-05-31,10.0,52.0,27.0,31.0,4.0,2.0,12.0,8.0,4.0,0.0,0.0,95.0,33.0,6.0,34.0,0.13396666666666665
2020-06-01,11.0,73.0,21.0,45.0,9.0,0.0,6.0,15.0,3.0,0.0,0.0,181.0,51.0,8.0,56.0,0.0683
2020-06-02,20.0,120.0,42.0,85.0,9.0,2.0,14.0,11.0,2.0,2.0,1.0,211.0,74.0,13.0,66.0,0.24695
2020-06-04,26.0,67.0,20.0,51.0,13.0,1.0,9.0,8.0,2.0,1.0,0.0,145.0,44.0,12.0,42.0,-0.131675
2020-06-05,11.0,68.0,19.0,41.0,12.0,5.0,13.0,10.0,2.0,1.0,3.0,118.0,62.0,10.0,50.0,0.0
2020-06-06,10.0,42.0,14.0,48.0,12.0,3.0,11.0,7.0,3.0,0.0,1.0,101.0,45.0,14.0,37.0,-0.7096
2020-06-07,3.0,51.0,16.0,44.0,6.0,1.0,11.0,4.0,1.0,0.0,1.0,93.0,41.0,5.0,40.0,-0.11315
2020-06-08,6.0,61.0,13.0,38.0,4.0,1.0,7.0,1.0,0.0,1.0,0.0,138.0,56.0,9.0,45.0,-0.24695
2020-06-09,8.0,73.0,15.0,52.0,7.0,3.0,7.0,10.0,1.0,1.0,1.0,132.0,76.0,10.0,50.0,-0.39405
2020-06-10,20.0,81.0,30.0,39.0,13.0,1.0,11.0,6.0,0.0,0.0,0.0,172.0,65.0,15.0,57.0,0.16463333333333333
2020-06-11,6.0,76.0,26.0,86.0,11.0,3.0,12.0,7.0,2.0,1.0,2.0,173.0,45.0,13.0,59.0,-0.1147
2020-06-12,4.0,54.0,23.0,51.0,10.0,4.0,16.0,5.0,1.0,0.0,1.0,104.0,43.0,14.0,37.0,-0.17212500000000003
2020-06-13,9.0,44.0,18.0,36.0,9.0,4.0,11.0,12.0,4.0,1.0,1.0,84.0,38.0,10.0,32.0,-0.46330000000000005
2020-06-14,9.0,60.0,10.0,48.0,15.0,3.0,5.0,8.0,2.0,0.0,3.0,100.0,50.0,9.0,37.0,-0.14420000000000002
2020-06-15,12.0,81.0,24.0,128.0,14.0,5.0,15.0,6.0,4.0,1.0,1.0,162.0,55.0,12.0,78.0,-0.3182
2020-06-16,15.0,57.0,15.0,53.0,7.0,2.0,13.0,5.0,2.0,0.0,0.0,130.0,63.0,7.0,59.0,0.0
2020-06-17,12.0,67.0,19.0,47.0,14.0,2.0,13.0,3.0,0.0,0.0,2.0,122.0,66.0,16.0,48.0,-0.08333333333333333
2020-06-18,9.0,77.0,25.0,43.0,12.0,2.0,10.0,9.0,0.0,0.0,2.0,122.0,40.0,8.0,51.0,-0.3481
2020-06-19,6.0,55.0,13.0,60.0,15.0,3.0,10.0,5.0,0.0,1.0,1.0,114.0,57.0,17.0,35.0,0.1468
2020-06-20,10.0,40.0,16.0,45.0,5.0,4.0,13.0,4.0,0.0,0.0,2.0,86.0,42.0,7.0,34.0,-0.09866666666666667
2020-06-21,5.0,28.0,13.0,20.0,9.0,1.0,4.0,0.0,3.0,0.0,0.0,75.0,44.0,7.0,20.0,-0.6486
2020-06-22,10.0,78.0,38.0,54.0,9.0,2.0,10.0,7.0,3.0,0.0,2.0,196.0,70.0,13.0,62.0,0.0
2020-06-23,14.0,62.0,15.0,33.0,10.0,1.0,12.0,7.0,2.0,0.0,1.0,144.0,60.0,11.0,42.0,-0.3866
2020-06-24,4.0,55.0,15.0,58.0,8.0,3.0,10.0,10.0,3.0,0.0,0.0,142.0,44.0,10.0,38.0,-0.36335
2020-06-25,13.0,71.0,22.0,97.0,8.0,2.0,11.0,11.0,3.0,1.0,2.0,128.0,62.0,11.0,44.0,-0.1702
2020-06-26,16.0,65.0,6.0,74.0,11.0,5.0,12.0,5.0,0.0,1.0,0.0,98.0,50.0,11.0,55.0,-0.31245
2020-06-27,8.0,52.0,9.0,69.0,9.0,4.0,8.0,4.0,1.0,3.0,0.0,107.0,45.0,6.0,29.0,-0.064
2020-06-28,7.0,60.0,20.0,76.0,9.0,1.0,11.0,8.0,3.0,4.0,1.0,106.0,60.0,20.0,45.0,0.019500000000000007
2020-06-30,5.0,44.0,18.0,43.0,19.0,2.0,17.0,12.0,2.0,0.0,3.0,112.0,51.0,13.0,34.0,0.21230000000000002
2020-07-01,3.0,48.0,21.0,38.0,10.0,3.0,11.0,8.0,5.0,0.0,1.0,123.0,58.0,10.0,53.0,-0.09866666666666667
2020-07-02,4.0,58.0,21.0,47.0,16.0,1.0,14.0,9.0,2.0,1.0,0.0,96.0,50.0,15.0,51.0,-0.37895
2020-07-03,10.0,61.0,13.0,53.0,10.0,4.0,4.0,14.0,0.0,0.0,1.0,76.0,47.0,9.0,39.0,-0.2553
2020-07-04,9.0,49.0,18.0,45.0,5.0,2.0,3.0,11.0,1.0,0.0,0.0,100.0,41.0,18.0,37.0,-0.2023
2020-07-05,9.0,43.0,8.0,33.0,6.0,3.0,4.0,4.0,0.0,0.0,0.0,78.0,41.0,7.0,35.0,0.156
2020-07-06,7.0,61.0,18.0,59.0,11.0,2.0,12.0,5.0,3.0,0.0,3.0,151.0,73.0,15.0,51.0,0.0
2020-07-07,5.0,49.0,16.0,48.0,7.0,5.0,9.0,8.0,1.0,1.0,1.0,117.0,55.0,11.0,35.0,0.37643333333333334
2020-07-08,13.0,67.0,25.0,47.0,8.0,4.0,24.0,5.0,1.0,0.0,1.0,171.0,53.0,12.0,39.0,0.5106
2020-07-09,14.0,66.0,19.0,47.0,13.0,3.0,5.0,16.0,2.0,1.0,0.0,118.0,53.0,11.0,52.0,-0.38853333333333334
2020-07-10,12.0,58.0,10.0,47.0,8.0,3.0,16.0,6.0,1.0,0.0,1.0,106.0,43.0,11.0,50.0,-0.5423
2020-07-11,5.0,46.0,10.0,31.0,7.0,5.0,7.0,5.0,4.0,0.0,1.0,94.0,35.0,9.0,30.0,-0.0816
2020-07-12,3.0,56.0,10.0,35.0,9.0,1.0,10.0,9.0,2.0,0.0,1.0,123.0,59.0,6.0,33.0,-0.18076666666666666
2020-07-14,6.0,50.0,21.0,41.0,7.0,2.0,21.0,2.0,3.0,0.0,3.0,96.0,46.0,7.0,39.0,0.11053333333333333
2020-07-15,14.0,92.0,47.0,70.0,18.0,12.0,17.0,27.0,3.0,1.0,1.0,132.0,81.0,25.0,84.0,0.0387
2020-07-16,14.0,91.0,23.0,80.0,8.0,6.0,19.0,17.0,3.0,1.0,3.0,144.0,81.0,21.0,87.0,-0.30212500000000003
2020-07-17,4.0,57.0,26.0,55.0,7.0,4.0,11.0,4.0,2.0,1.0,2.0,119.0,53.0,14.0,52.0,-0.19836666666666666
2020-07-18,7.0,37.0,8.0,44.0,6.0,3.0,5.0,2.0,0.0,0.0,0.0,81.0,34.0,12.0,32.0,0.6486
2020-07-19,10.0,66.0,15.0,36.0,10.0,8.0,10.0,15.0,1.0,0.0,1.0,109.0,61.0,13.0,40.0,-0.1806
2020-07-20,7.0,67.0,16.0,38.0,6.0,1.0,14.0,4.0,1.0,1.0,1.0,130.0,50.0,7.0,45.0,-0.088325
2020-07-21,16.0,72.0,31.0,35.0,4.0,4.0,8.0,6.0,1.0,0.0,0.0,177.0,48.0,7.0,57.0,-0.1366
2020-07-22,17.0,64.0,29.0,35.0,10.0,6.0,7.0,5.0,0.0,1.0,1.0,164.0,66.0,15.0,60.0,-0.042666666666666665
2020-07-23,11.0,75.0,29.0,43.0,12.0,7.0,16.0,7.0,4.0,2.0,1.0,173.0,74.0,8.0,58.0,0.0
2020-07-24,9.0,74.0,19.0,27.0,14.0,3.0,14.0,4.0,2.0,0.0,1.0,124.0,60.0,9.0,47.0,0.21820000000000003
2020-07-25,18.0,61.0,23.0,21.0,8.0,2.0,4.0,3.0,2.0,0.0,1.0,148.0,40.0,10.0,54.0,0.0
2020-07-26,14.0,78.0,24.0,36.0,9.0,2.0,13.0,13.0,4.0,1.0,2.0,197.0,54.0,14.0,73.0,0.0
2020-07-27,42.0,144.0,44.0,101.0,12.0,10.0,28.0,19.0,0.0,4.0,3.0,395.0,88.0,37.0,167.0,-0.10115
2020-07-28,28.0,72.0,28.0,43.0,12.0,4.0,11.0,14.0,3.0,2.0,1.0,226.0,57.0,20.0,91.0,-0.1909
2020-07-29,13.0,71.0,24.0,50.0,6.0,1.0,10.0,9.0,2.0,3.0,0.0,203.0,57.0,15.0,72.0,-0.0385
2020-07-30,12.0,67.0,26.0,58.0,4.0,2.0,4.0,8.0,0.0,2.0,1.0,151.0,50.0,17.0,42.0,0.21610000000000004
2020-07-31,12.0,67.0,30.0,31.0,7.0,1.0,5.0,7.0,0.0,0.0,0.0,170.0,51.0,17.0,61.0,-0.2159333333333333
2020-08-01,18.0,71.0,25.0,44.0,14.0,4.0,10.0,9.0,3.0,0.0,1.0,191.0,69.0,41.0,77.0,0.17
2020-08-02,23.0,76.0,18.0,70.0,9.0,3.0,11.0,16.0,2.0,0.0,1.0,162.0,66.0,24.0,64.0,-0.06665
2020-08-03,12.0,45.0,18.0,51.0,11.0,4.0,9.0,6.0,1.0,1.0,1.0,133.0,72.0,15.0,48.0,0.0
2020-08-04,6.0,63.0,19.0,44.0,14.0,3.0,6.0,4.0,2.0,0.0,0.0,149.0,60.0,15.0,45.0,-0.17
2020-08-05,16.0,79.0,25.0,42.0,16.0,3.0,8.0,10.0,4.0,1.0,1.0,174.0,60.0,16.0,61.0,-0.41355
2020-08-06,14.0,67.0,25.0,35.0,10.0,3.0,8.0,12.0,4.0,1.0,0.0,153.0,68.0,12.0,63.0,-0.1806
2020-08-07,6.0,69.0,13.0,41.0,10.0,7.0,9.0,11.0,14.0,0.0,1.0,128.0,54.0,15.0,38.0,0.2202
2020-08-09,13.0,62.0,19.0,29.0,7.0,5.0,8.0,9.0,3.0,2.0,1.0,129.0,50.0,13.0,47.0,0.2779666666666667
2020-08-10,24.0,85.0,25.0,50.0,7.0,4.0,15.0,13.0,6.0,3.0,1.0,207.0,88.0,16.0,70.0,-0.3716
2020-08-11,18.0,87.0,32.0,53.0,21.0,3.0,19.0,12.0,2.0,2.0,3.0,172.0,78.0,17.0,75.0,0.14049999999999999
2020-08-12,22.0,73.0,13.0,32.0,14.0,3.0,5.0,9.0,8.0,3.0,2.0,137.0,66.0,11.0,45.0,0.10537500000000001
2020-08-13,9.0,67.0,13.0,37.0,8.0,3.0,9.0,7.0,1.0,0.0,0.0,138.0,57.0,11.0,70.0,0.2023
2020-08-14,12.0,73.0,29.0,53.0,11.0,2.0,6.0,12.0,2.0,1.0,0.0,126.0,66.0,11.0,52.0,0.0
2020-08-15,18.0,50.0,20.0,19.0,11.0,2.0,11.0,12.0,2.0,2.0,0.0,131.0,53.0,8.0,47.0,-0.05160000000000001
2020-08-16,2.0,51.0,20.0,29.0,9.0,3.0,6.0,12.0,1.0,2.0,4.0,140.0,68.0,11.0,46.0,-0.18122500000000002
2020-08-17,12.0,70.0,29.0,51.0,11.0,4.0,19.0,14.0,5.0,5.0,3.0,218.0,86.0,13.0,71.0,-0.056575
2020-08-18,6.0,63.0,27.0,50.0,10.0,6.0,10.0,11.0,9.0,2.0,2.0,146.0,49.0,11.0,62.0,-0.6124
2020-08-19,15.0,72.0,18.0,82.0,14.0,4.0,18.0,7.0,2.0,6.0,0.0,144.0,54.0,10.0,42.0,-0.184025
2020-08-20,12.0,58.0,13.0,44.0,7.0,2.0,22.0,7.0,2.0,1.0,1.0,109.0,56.0,17.0,52.0,-0.20095
2020-08-21,8.0,63.0,16.0,65.0,11.0,4.0,18.0,10.0,3.0,1.0,1.0,130.0,58.0,16.0,45.0,0.17556666666666665
2020-08-22,8.0,65.0,10.0,47.0,7.0,3.0,12.0,8.0,3.0,6.0,1.0,101.0,61.0,11.0,32.0,-0.2526333333333333
2020-08-23,5.0,45.0,15.0,28.0,6.0,3.0,10.0,9.0,2.0,1.0,0.0,103.0,51.0,5.0,32.0,0.0
2020-08-24,13.0,60.0,14.0,50.0,12.0,2.0,15.0,6.0,2.0,3.0,1.0,131.0,53.0,11.0,31.0,-0.28555
2020-08-25,10.0,88.0,21.0,70.0,8.0,4.0,13.0,9.0,4.0,5.0,2.0,152.0,62.0,14.0,49.0,0.2601333333333333
2020-08-26,13.0,56.0,18.0,48.0,6.0,3.0,19.0,13.0,0.0,2.0,0.0,117.0,46.0,16.0,47.0,-0.27225
2020-08-27,15.0,67.0,18.0,62.0,8.0,6.0,14.0,11.0,1.0,2.0,1.0,127.0,48.0,12.0,55.0,-0.2294
2020-08-29,3.0,33.0,10.0,23.0,5.0,0.0,5.0,2.0,0.0,0.0,1.0,74.0,47.0,2.0,22.0,-0.3454
2020-08-30,6.0,27.0,9.0,16.0,9.0,1.0,10.0,5.0,0.0,0.0,0.0,105.0,40.0,6.0,37.0,-0.01874999999999999
2020-08-31,18.0,52.0,17.0,22.0,11.0,2.0,8.0,3.0,2.0,1.0,0.0,112.0,53.0,6.0,49.0,-0.24253333333333335
2020-09-01,21.0,47.0,20.0,29.0,4.0,3.0,11.0,5.0,8.0,1.0,2.0,158.0,91.0,15.0,64.0,0.0
2020-09-02,7.0,93.0,17.0,55.0,14.0,3.0,12.0,9.0,1.0,3.0,1.0,127.0,36.0,16.0,54.0,-0.21114999999999998
2020-09-03,14.0,90.0,21.0,105.0,21.0,1.0,14.0,10.0,4.0,8.0,1.0,169.0,73.0,10.0,48.0,0.0
2020-09-04,14.0,80.0,26.0,80.0,17.0,4.0,22.0,8.0,2.0,9.0,1.0,135.0,42.0,16.0,38.0,-0.4404
2020-09-05,7.0,78.0,19.0,65.0,9.0,3.0,20.0,12.0,1.0,4.0,6.0,122.0,44.0,11.0,36.0,0.0593
2020-09-06,6.0,42.0,24.0,43.0,10.0,2.0,13.0,7.0,1.0,0.0,1.0,80.0,34.0,17.0,41.0,0.2715666666666667
2020-09-07,7.0,70.0,20.0,57.0,12.0,4.0,18.0,9.0,2.0,3.0,1.0,111.0,57.0,12.0,41.0,-0.0516
2020-09-08,11.0,72.0,29.0,66.0,13.0,10.0,26.0,8.0,2.0,1.0,1.0,134.0,53.0,15.0,65.0,0.07805000000000002
2020-09-09,10.0,70.0,12.0,44.0,5.0,1.0,7.0,8.0,3.0,0.0,1.0,137.0,51.0,15.0,45.0,0.0386
2020-09-10,5.0,51.0,9.0,29.0,3.0,7.0,11.0,8.0,0.0,0.0,1.0,94.0,58.0,17.0,27.0,0.13035
2020-09-11,6.0,54.0,17.0,27.0,10.0,3.0,10.0,5.0,0.0,0.0,1.0,78.0,45.0,7.0,31.0,-0.1027
2020-09-12,3.0,36.0,16.0,21.0,8.0,3.0,4.0,2.0,2.0,0.0,2.0,76.0,36.0,6.0,32.0,0.3167
2020-09-13,4.0,42.0,12.0,36.0,6.0,2.0,13.0,8.0,2.0,1.0,1.0,76.0,45.0,11.0,41.0,-0.192525
2020-09-14,9.0,63.0,21.0,49.0,8.0,3.0,12.0,6.0,1.0,0.0,0.0,149.0,55.0,8.0,47.0,0.0
2020-09-15,11.0,75.0,16.0,59.0,6.0,2.0,7.0,5.0,2.0,0.0,0.0,152.0,41.0,9.0,39.0,0.0
2020-09-16,11.0,80.0,28.0,57.0,17.0,3.0,25.0,14.0,1.0,4.0,0.0,174.0,70.0,13.0,61.0,0.0
2020-09-17,17.0,57.0,25.0,57.0,12.0,3.0,16.0,9.0,2.0,3.0,0.0,118.0,52.0,8.0,49.0,-0.2202
2020-09-18,10.0,60.0,26.0,24.0,15.0,2.0,14.0,7.0,5.0,1.0,1.0,84.0,83.0,6.0,45.0,-0.174475
2020-09-19,7.0,41.0,17.0,27.0,10.0,3.0,12.0,5.0,0.0,0.0,0.0,97.0,43.0,5.0,29.0,-0.44815000000000005
2020-09-20,6.0,46.0,20.0,56.0,13.0,5.0,8.0,14.0,1.0,1.0,1.0,57.0,41.0,14.0,33.0,0.2202
2020-09-21,11.0,78.0,20.0,75.0,9.0,2.0,19.0,10.0,2.0,2.0,2.0,124.0,39.0,11.0,58.0,-0.7269
2020-09-22,8.0,55.0,22.0,51.0,8.0,2.0,11.0,11.0,2.0,3.0,1.0,114.0,85.0,13.0,51.0,0.13935
2020-09-23,16.0,61.0,28.0,60.0,7.0,3.0,17.0,12.0,1.0,1.0,2.0,92.0,60.0,8.0,55.0,0.5267
2020-09-24,6.0,60.0,19.0,57.0,10.0,0.0,14.0,8.0,0.0,1.0,1.0,110.0,51.0,14.0,36.0,0.0129
2020-09-25,6.0,41.0,17.0,33.0,9.0,2.0,11.0,2.0,0.0,0.0,0.0,80.0,42.0,6.0,36.0,0.148
2020-09-26,7.0,29.0,9.0,21.0,4.0,2.0,4.0,3.0,0.0,0.0,1.0,63.0,37.0,7.0,25.0,0.16652500000000003
2020-09-27,7.0,33.0,18.0,18.0,6.0,1.0,2.0,7.0,0.0,0.0,0.0,61.0,56.0,6.0,24.0,-0.17
2020-09-28,3.0,44.0,26.0,44.0,7.0,1.0,24.0,4.0,0.0,0.0,0.0,107.0,44.0,12.0,28.0,0.3326
2020-09-29,9.0,59.0,13.0,46.0,11.0,3.0,17.0,11.0,2.0,2.0,1.0,106.0,72.0,11.0,34.0,0.0
2020-09-30,6.0,44.0,13.0,35.0,5.0,1.0,5.0,5.0,2.0,2.0,0.0,68.0,36.0,11.0,30.0,0.06795000000000001
2020-10-01,7.0,72.0,28.0,43.0,10.0,1.0,19.0,8.0,1.0,4.0,1.0,145.0,60.0,11.0,56.0,0.0
2020-10-02,7.0,54.0,35.0,51.0,9.0,3.0,17.0,7.0,1.0,5.0,0.0,93.0,49.0,7.0,44.0,0.050575
2020-10-03,4.0,26.0,19.0,20.0,1.0,3.0,4.0,4.0,2.0,0.0,1.0,62.0,36.0,7.0,28.0,-0.1806
2020-10-04,6.0,29.0,11.0,30.0,4.0,1.0,6.0,2.0,1.0,0.0,0.0,67.0,49.0,7.0,13.0,-0.31845
2020-10-05,7.0,59.0,16.0,31.0,10.0,0.0,6.0,4.0,1.0,2.0,1.0,112.0,33.0,11.0,42.0,0.2394666666666667
2020-10-06,10.0,57.0,15.0,52.0,8.0,0.0,5.0,10.0,1.0,1.0,2.0,123.0,44.0,5.0,40.0,0.5859
2020-10-07,9.0,52.0,23.0,49.0,8.0,3.0,13.0,3.0,0.0,1.0,1.0,88.0,48.0,4.0,35.0,-0.14049999999999999
2020-10-08,20.0,76.0,27.0,40.0,15.0,2.0,12.0,9.0,2.0,0.0,1.0,156.0,85.0,14.0,62.0,0.0
2020-10-09,9.0,57.0,32.0,28.0,9.0,0.0,14.0,5.0,1.0,0.0,2.0,142.0,47.0,13.0,59.0,-0.123475
2020-10-10,9.0,55.0,41.0,22.0,8.0,3.0,12.0,4.0,1.0,0.0,2.0,150.0,42.0,12.0,60.0,0.06613333333333334
2020-10-11,6.0,45.0,32.0,21.0,10.0,1.0,5.0,3.0,3.0,2.0,0.0,122.0,44.0,12.0,50.0,0.04293333333333336
2020-10-12,16.0,56.0,26.0,48.0,7.0,2.0,8.0,4.0,0.0,0.0,2.0,174.0,57.0,10.0,49.0,0.01630000000000001
2020-10-13,11.0,54.0,20.0,23.0,7.0,0.0,9.0,4.0,0.0,0.0,0.0,120.0,56.0,9.0,51.0,-0.0258
2020-10-14,9.0,52.0,23.0,29.0,7.0,1.0,13.0,6.0,1.0,1.0,3.0,115.0,56.0,11.0,50.0,-0.20564999999999997
2020-10-15,4.0,48.0,22.0,40.0,13.0,6.0,8.0,8.0,1.0,0.0,2.0,98.0,68.0,10.0,53.0,-0.296
2020-10-16,15.0,45.0,17.0,40.0,9.0,1.0,13.0,4.0,2.0,0.0,1.0,80.0,49.0,7.0,43.0,-0.085
2020-10-17,6.0,36.0,10.0,28.0,6.0,0.0,0.0,5.0,0.0,0.0,0.0,62.0,37.0,4.0,13.0,0.5243
2020-10-18,6.0,30.0,9.0,18.0,5.0,4.0,7.0,1.0,1.0,0.0,0.0,88.0,46.0,7.0,22.0,0.005733333333333331
2020-10-19,6.0,65.0,22.0,51.0,12.0,0.0,15.0,6.0,2.0,1.0,0.0,152.0,49.0,9.0,58.0,0.0
2020-10-20,20.0,73.0,26.0,81.0,9.0,5.0,11.0,10.0,1.0,7.0,2.0,193.0,79.0,12.0,76.0,-0.21075
2020-10-21,36.0,144.0,75.0,99.0,20.0,4.0,19.0,18.0,4.0,4.0,2.0,342.0,134.0,37.0,194.0,0.02446666666666668
2020-10-22,24.0,95.0,35.0,62.0,25.0,3.0,10.0,16.0,1.0,0.0,3.0,184.0,102.0,19.0,83.0,0.20443333333333336
2020-10-23,14.0,52.0,23.0,33.0,6.0,3.0,13.0,4.0,1.0,0.0,1.0,130.0,70.0,10.0,38.0,0.0
2020-10-24,6.0,56.0,20.0,26.0,6.0,3.0,7.0,3.0,1.0,1.0,1.0,132.0,51.0,10.0,36.0,0.0
2020-10-25,14.0,49.0,43.0,32.0,7.0,6.0,9.0,7.0,1.0,0.0,0.0,130.0,64.0,9.0,41.0,-0.22455
2020-10-27,27.0,89.0,30.0,93.0,9.0,2.0,15.0,6.0,0.0,4.0,3.0,230.0,91.0,21.0,87.0,-0.13392500000000002
2020-10-28,11.0,80.0,33.0,82.0,17.0,3.0,15.0,11.0,4.0,1.0,4.0,176.0,62.0,14.0,50.0,0.0129
2020-10-29,16.0,72.0,27.0,50.0,11.0,3.0,13.0,11.0,0.0,0.0,2.0,127.0,58.0,22.0,65.0,-0.9042
2020-10-30,17.0,67.0,19.0,62.0,10.0,5.0,17.0,9.0,0.0,2.0,0.0,110.0,74.0,24.0,62.0,0.0
2020-10-31,10.0,67.0,34.0,33.0,4.0,0.0,20.0,14.0,0.0,1.0,1.0,124.0,58.0,107.0,66.0,0.0
2020-11-01,14.0,65.0,18.0,34.0,5.0,0.0,17.0,4.0,0.0,0.0,0.0,117.0,51.0,13.0,48.0,0.09035000000000001
2020-11-02,7.0,57.0,32.0,51.0,12.0,3.0,11.0,5.0,1.0,2.0,1.0,92.0,67.0,13.0,48.0,-0.17
2020-11-03,6.0,69.0,34.0,51.0,6.0,3.0,10.0,10.0,2.0,2.0,0.0,152.0,63.0,17.0,60.0,0.0
2020-11-04,11.0,81.0,21.0,48.0,9.0,1.0,9.0,12.0,1.0,1.0,0.0,159.0,63.0,12.0,64.0,-0.27423333333333333
2020-11-05,55.0,131.0,48.0,77.0,16.0,5.0,16.0,20.0,2.0,4.0,2.0,279.0,85.0,40.0,140.0,-0.07655
2020-11-06,35.0,94.0,35.0,39.0,10.0,4.0,13.0,12.0,2.0,1.0,0.0,203.0,71.0,16.0,62.0,0.3592
2020-11-08,4.0,41.0,21.0,27.0,9.0,1.0,9.0,12.0,2.0,1.0,0.0,97.0,62.0,15.0,40.0,0.0
2020-11-09,18.0,69.0,29.0,52.0,7.0,1.0,9.0,6.0,1.0,0.0,0.0,178.0,58.0,15.0,71.0,0.0
2020-11-10,7.0,62.0,24.0,34.0,11.0,1.0,12.0,8.0,0.0,0.0,0.0,140.0,47.0,17.0,44.0,0.20095
2020-11-11,9.0,76.0,22.0,34.0,10.0,4.0,9.0,14.0,3.0,2.0,2.0,168.0,81.0,15.0,61.0,0.08033333333333333
2020-11-12,20.0,98.0,44.0,68.0,12.0,4.0,20.0,12.0,3.0,0.0,0.0,244.0,90.0,18.0,75.0,0.2294
2020-11-13,29.0,87.0,21.0,52.0,10.0,2.0,10.0,4.0,1.0,2.0,1.0,199.0,84.0,19.0,73.0,-0.57395
2020-11-14,15.0,46.0,24.0,44.0,9.0,0.0,3.0,9.0,2.0,4.0,0.0,99.0,42.0,11.0,48.0,0.0
2020-11-15,14.0,52.0,17.0,47.0,12.0,5.0,10.0,6.0,2.0,1.0,0.0,80.0,35.0,9.0,33.0,0.35755000000000003
2020-11-16,25.0,100.0,29.0,55.0,15.0,3.0,13.0,16.0,1.0,1.0,2.0,217.0,92.0,20.0,75.0,0.33335000000000004
2020-11-17,50.0,128.0,56.0,71.0,19.0,1.0,23.0,19.0,2.0,3.0,1.0,316.0,126.0,35.0,156.0,0.0
2020-11-18,35.0,120.0,53.0,64.0,21.0,6.0,24.0,22.0,5.0,3.0,1.0,256.0,111.0,28.0,127.0,0.0
2020-11-19,37.0,89.0,21.0,44.0,15.0,3.0,32.0,20.0,3.0,5.0,3.0,194.0,89.0,26.0,57.0,-0.4939
2020-11-21,19.0,64.0,20.0,48.0,13.0,2.0,11.0,6.0,8.0,3.0,0.0,135.0,85.0,26.0,60.0,-0.26496666666666663
2020-11-22,10.0,63.0,33.0,35.0,13.0,2.0,7.0,11.0,2.0,2.0,1.0,132.0,62.0,12.0,52.0,0.10486666666666666
2020-11-23,22.0,94.0,34.0,49.0,15.0,8.0,13.0,12.0,2.0,2.0,2.0,169.0,92.0,15.0,61.0,0.0
2020-11-24,42.0,153.0,55.0,66.0,23.0,9.0,22.0,23.0,2.0,2.0,3.0,251.0,114.0,34.0,129.0,0.1591
2020-11-25,16.0,114.0,33.0,41.0,16.0,4.0,22.0,13.0,2.0,1.0,4.0,195.0,81.0,23.0,92.0,-0.29295
2020-11-26,19.0,155.0,67.0,148.0,18.0,9.0,37.0,23.0,4.0,5.0,1.0,260.0,98.0,56.0,113.0,-0.1495
2020-11-27,19.0,83.0,29.0,75.0,10.0,2.0,15.0,7.0,7.0,2.0,2.0,156.0,64.0,16.0,59.0,-0.27115
2020-11-28,13.0,87.0,25.0,71.0,8.0,4.0,9.0,6.0,2.0,1.0,2.0,146.0,75.0,15.0,47.0,0.0
2020-11-29,10.0,68.0,16.0,46.0,11.0,0.0,9.0,7.0,1.0,0.0,2.0,142.0,65.0,9.0,51.0,-0.5287333333333334
2020-11-30,37.0,148.0,66.0,98.0,22.0,5.0,21.0,30.0,2.0,2.0,2.0,299.0,111.0,41.0,163.0,0.00545000000000001
2020-12-01,29.0,129.0,48.0,66.0,19.0,8.0,38.0,19.0,7.0,2.0,5.0,218.0,114.0,27.0,100.0,0.003233333333333347
2020-12-02,19.0,66.0,33.0,66.0,14.0,4.0,17.0,10.0,0.0,4.0,0.0,145.0,89.0,17.0,63.0,0.2874666666666667
2020-12-03,24.0,81.0,26.0,49.0,11.0,3.0,16.0,7.0,3.0,2.0,1.0,185.0,80.0,16.0,67.0,0.23835
2020-12-04,8.0,115.0,35.0,68.0,11.0,1.0,23.0,9.0,3.0,3.0,3.0,161.0,74.0,21.0,54.0,0.1806
2020-12-05,14.0,68.0,13.0,36.0,13.0,5.0,17.0,8.0,0.0,1.0,0.0,112.0,66.0,12.0,40.0,0.4939
2020-12-06,16.0,78.0,24.0,38.0,20.0,7.0,16.0,8.0,1.0,1.0,2.0,119.0,76.0,14.0,43.0,-0.2261
2020-12-07,17.0,82.0,23.0,35.0,10.0,1.0,11.0,5.0,1.0,0.0,1.0,146.0,76.0,11.0,72.0,-0.21230000000000002
2020-12-08,9.0,79.0,32.0,77.0,11.0,3.0,23.0,16.0,3.0,2.0,0.0,162.0,69.0,19.0,83.0,0.4698
2020-12-09,18.0,120.0,38.0,106.0,13.0,5.0,10.0,3.0,1.0,0.0,0.0,188.0,88.0,19.0,67.0,0.3389
2020-12-10,15.0,86.0,21.0,63.0,12.0,0.0,9.0,15.0,1.0,3.0,0.0,156.0,81.0,12.0,63.0,0.5267
2020-12-11,13.0,134.0,41.0,76.0,15.0,4.0,21.0,16.0,3.0,3.0,0.0,209.0,98.0,24.0,69.0,-0.3818
2020-12-12,12.0,71.0,23.0,49.0,13.0,1.0,15.0,9.0,1.0,0.0,2.0,144.0,74.0,21.0,57.0,-0.12925
2020-12-13,15.0,82.0,25.0,55.0,13.0,5.0,16.0,11.0,1.0,0.0,0.0,165.0,73.0,17.0,54.0,0.0
2020-12-14,19.0,79.0,24.0,44.0,10.0,2.0,16.0,7.0,2.0,3.0,6.0,148.0,70.0,24.0,72.0,0.0
2020-12-15,17.0,82.0,26.0,55.0,12.0,2.0,16.0,15.0,1.0,0.0,3.0,167.0,70.0,15.0,86.0,-0.12925
2020-12-16,47.0,169.0,72.0,95.0,28.0,5.0,22.0,33.0,3.0,5.0,3.0,355.0,165.0,76.0,268.0,0.0
2020-12-17,71.0,176.0,55.0,77.0,40.0,8.0,24.0,31.0,6.0,2.0,6.0,342.0,168.0,51.0,189.0,0.4337
2020-12-18,40.0,80.0,27.0,59.0,15.0,6.0,14.0,10.0,3.0,0.0,2.0,179.0,112.0,32.0,94.0,-0.20095
2020-12-19,37.0,99.0,24.0,34.0,12.0,3.0,16.0,12.0,3.0,0.0,0.0,165.0,87.0,21.0,85.0,0.0129
2020-12-20,27.0,105.0,29.0,37.0,19.0,4.0,15.0,21.0,3.0,2.0,1.0,186.0,90.0,27.0,62.0,0.23156666666666667
2020-12-21,30.0,110.0,24.0,75.0,16.0,2.0,17.0,14.0,4.0,1.0,3.0,147.0,80.0,12.0,75.0,-0.06379999999999998
2020-12-22,16.0,78.0,22.0,57.0,13.0,1.0,17.0,20.0,2.0,2.0,2.0,158.0,89.0,25.0,68.0,0.0
2020-12-23,18.0,83.0,35.0,64.0,10.0,3.0,22.0,8.0,2.0,3.0,1.0,134.0,72.0,24.0,78.0,0.4019
2020-12-24,14.0,62.0,23.0,38.0,11.0,4.0,15.0,18.0,2.0,2.0,2.0,99.0,76.0,31.0,54.0,0.23835
